Type,,,,COMPOSITE,COMPOSITE,COMPONENT,COMPONENT,SUB-COMPONENT,SUB-COMPONENT,INDICATOR,INDICATOR,QUESTION,QUESTION,QUESTION,INDICATOR,INDICATOR,QUESTION,QUESTION,QUESTION,QUESTION,INDICATOR,INDICATOR,QUESTION,QUESTION,QUESTION,QUESTION,INDICATOR,INDICATOR,QUESTION,QUESTION,QUESTION,INDICATOR,INDICATOR,QUESTION,QUESTION,QUESTION,QUESTION,INDICATOR,INDICATOR,QUESTION,QUESTION,QUESTION,INDICATOR,INDICATOR,QUESTION,QUESTION,INDICATOR,INDICATOR,QUESTION,QUESTION,INDICATOR,INDICATOR,QUESTION,INDICATOR,INDICATOR,QUESTION,QUESTION,SUB-COMPONENT,SUB-COMPONENT,INDICATOR,INDICATOR,QUESTION,QUESTION,QUESTION,INDICATOR,INDICATOR,QUESTION,QUESTION,QUESTION,INDICATOR,INDICATOR,QUESTION,INDICATOR,INDICATOR,QUESTION,QUESTION,QUESTION,INDICATOR,INDICATOR,QUESTION,QUESTION,QUESTION,QUESTION,QUESTION,INDICATOR,INDICATOR,QUESTION,QUESTION,QUESTION,INDICATOR,INDICATOR,QUESTION,INDICATOR,INDICATOR,QUESTION,QUESTION,SUB-COMPONENT,SUB-COMPONENT,INDICATOR,INDICATOR,QUESTION,QUESTION,INDICATOR,INDICATOR,QUESTION,INDICATOR,INDICATOR,QUESTION,QUESTION,INDICATOR,INDICATOR,QUESTION,INDICATOR,INDICATOR,QUESTION,QUESTION,INDICATOR,INDICATOR,QUESTION,INDICATOR,INDICATOR,QUESTION,QUESTION,SUB-COMPONENT,SUB-COMPONENT,INDICATOR,INDICATOR,QUESTION,INDICATOR,INDICATOR,QUESTION,QUESTION,INDICATOR,INDICATOR,QUESTION,QUESTION,QUESTION,INDICATOR,INDICATOR,QUESTION,QUESTION,INDICATOR,INDICATOR,QUESTION,QUESTION,QUESTION,QUESTION,QUESTION,INDICATOR,INDICATOR,QUESTION,QUESTION,INDICATOR,INDICATOR,QUESTION,QUESTION,QUESTION,QUESTION,INDICATOR,INDICATOR,QUESTION,QUESTION,QUESTION,QUESTION,INDICATOR,INDICATOR,QUESTION,QUESTION,QUESTION,QUESTION,QUESTION,INDICATOR,INDICATOR,QUESTION,QUESTION,COMPONENT,SUB-COMPONENT,SUB-COMPONENT,SUB-COMPONENT,INDICATOR,INDICATOR,QUESTION,QUESTION,QUESTION,QUESTION,INDICATOR,INDICATOR,QUESTION,QUESTION,INDICATOR,INDICATOR,QUESTION,QUESTION,INDICATOR,INDICATOR,QUESTION,QUESTION,QUESTION,QUESTION,INDICATOR,INDICATOR,QUESTION,QUESTION,SUB-COMPONENT,SUB-COMPONENT,INDICATOR,INDICATOR,QUESTION,INDICATOR,INDICATOR,QUESTION,QUESTION,INDICATOR,INDICATOR,QUESTION,QUESTION,QUESTION,INDICATOR,INDICATOR,QUESTION,INDICATOR,INDICATOR,QUESTION,SUB-COMPONENT,SUB-COMPONENT,INDICATOR,INDICATOR,QUESTION,QUESTION,QUESTION,INDICATOR,INDICATOR,QUESTION,QUESTION,QUESTION,QUESTION,INDICATOR,INDICATOR,QUESTION,QUESTION,INDICATOR,INDICATOR,QUESTION,QUESTION,QUESTION,QUESTION,QUESTION,INDICATOR,INDICATOR,QUESTION,QUESTION,QUESTION,QUESTION,INDICATOR,INDICATOR,QUESTION,QUESTION,QUESTION,COMPONENT,COMPONENT,SUB-COMPONENT,SUB-COMPONENT,SUB-COMPONENT,SUB-COMPONENT,SUB-COMPONENT,SUB-COMPONENT,SUB-COMPONENT,SUB-COMPONENT,SUB-COMPONENT,SUB-COMPONENT,SUB-COMPONENT,SUB-COMPONENT,SUB-COMPONENT,SUB-COMPONENT,INDICATOR,INDICATOR,INDICATOR,INDICATOR,INDICATOR,INDICATOR
Element name,,,,Resource Governance Index,Resource Governance Index RANK,Value extraction,Value extraction RANK,Licensing,Licensing RANK,Reserves disclosure,Reserves disclosure RANK,Reserves volume disclosure,Reserves disclosure timeliness,Reserves disclosure machine-readability,Cadastre,Cadastre RANK,Cadastre coverage,Cadastre platform,Cadastre block coverage,Cadastre interest holders,Pre-licensing round rules,Pre-licensing round rules RANK,Qualification criteria requirement,Biddable terms disclosure requirement,Licensing process requirement,Licensing authority independence,Pre-licensing round practice,Pre-licensing round practice RANK,Qualification criteria disclosure,Biddable terms disclosure,Licensing process rule disclosure,Post-licensing round rules,Post-licensing round rules RANK,License applicant disclosure requirement,License winner disclosure requirement,Block allocation disclosure requirement,Licensing decision appeal requirement,Post-licensing round practice,Post-licensing round practice RANK,License applicant disclosure,License winner disclosure,Block allocation disclosure,Financial interest disclosure rules,Financial interest disclosure rules RANK,Public officials asset disclosure requirement,Beneficial ownership requirement,Financial interest disclosure practice,Financial interest disclosure practice RANK,Public officials asset disclosure,Beneficial ownership disclosure,Contract disclosure rules,Contract disclosure rules RANK,Contract disclosure requirement,Contract disclosure,Contract disclosure  RANK,Contract disclosure timeliness,Historical contract disclosure,Taxation,Taxation RANK,Production disclosure,Production disclosure RANK,Production volume disclosure,Production disclosure timeliness,Production disclosure machine-readability,Export disclosure,Export disclosure RANK,Export value disclosure,Export disclosure timeliness,Export disclosure machine-readability,Company payment rules,Company payment rules RANK,Payment disclosure requirement,Company payment disclosure,Company payment disclosure RANK,Payment disclosure,Payment disclosure timeliness,Payment disclosure disaggregation,Taxation rules,Taxation rules RANK,Income tax rate rule,Royalty rate rule,State equity rule,Withholding tax rate rule,Production sharing arrangement rule,Tax authority rules,Tax authority rules RANK,Payment deposit requirement,Taxpayer audit requirement,Tax authority audit requirement,Tax authority practice,Tax authority practice RANK,Tax authority audit timeframe,EITI affiliation and reporting,EITI affiliation and reporting RANK,EITI affiliation,EITI report timeliness,Local impact,Local impact RANK,EIA/SIA rules,EIA/SIA rules RANK,EIA/SIA requirement,EIA/SIA disclosure requirement,EIA/SIA disclosure,EIA/SIA disclosure RANK,EIA/SIA disclosure practice,Environmental mitigation plan rules,Environmental mitigation plan rules RANK,Environmental mitigation plan requirement,Environmental mitigation plan disclosure requirement,Environmental mitigation plan disclosure,Environmental mitigation plan disclosure RANK,Environmental mitigation plan disclosure practice,Environmental compliance rules,Environmental compliance rules RANK,Environmental penalty requirement,Project closure requirement,Environmental compliance practice,Environmental compliance practice RANK,Project closure compliance,Compensation to land users and owners rules,Compensation to land users and owners rules RANK,Compensation requirement,Resettlement requirement,State-owned enterprises,State-owned enterprises RANK,SOE-government transfers rules,SOE-government transfers rules RANK,SOE-government transfers governance rule,SOE-government transfers disclosure,SOE-government transfers disclosure RANK,Government-SOE receipt disclosure,SOE-government transfer disclosure,SOE financial reporting rules,SOE financial reporting rules RANK,SOE annual report disclosure requirement,SOE financial audit requirement,SOE report legislative review requirement,SOE non-operational activity practice,SOE non-operational activity practice RANK,SOE non-operational activity,SOE non-operational spending,SOE financial reporting practice,SOE financial reporting practice RANK,SOE audit timeframe,SOE annual report disclosure,SOE balance sheet disclosure,SOE cash flow statement disclosure,SOE income statement disclosure,SOE production disclosure,SOE production disclosure RANK,SOE production volume disclosure,SOE sales volume disclosure,Commodity sale rules,Commodity sale rules RANK,SOE production buyer selection rule,SOE production sale price rule,SOE sales proceed transfer rule,SOE sales disclosure rule,Commodity sale disclosures,Commodity sale disclosures RANK,SOE sold production volume disclosure,SOE sold production value disclosure,SOE production sale date disclosure,SOE production buyers disclosure,SOE joint ventures and subsidiaries disclosure,SOE joint ventures and subsidiaries disclosure RANK,SOE joint ventures disclosure,SOE joint venture participatory interest disclosure,SOE joint venture cost and revenue disclosure,SOE subsidiaries disclosure,SOE subsidiaries cost and revenue disclosure,SOE corporate governance practice,SOE corporate governance practice RANK,SOE code of conduct,SOE board of directors independence,Revenue management,Revenue management RANK,National budgeting,National budgeting RANK,Online data portal,Online data portal RANK,Online data portal coverage,Online data portal timeliness,Online data portal machine-readability,Online data portal open license,Fiscal rules,Fiscal rules RANK,Fiscal rule existence,Fiscal rule monitoring requirement,Fiscal rule practice,Fiscal rule practice RANK,Fiscal rule adherence,Fiscal rule monitoring timeframe,National budget disclosure,National budget disclosure RANK,Revenue projections disclosure,Budget disclosure,Government expenditure disclosure,Resource revenue disclosure,National debt disclosure,National debt disclosure RANK,Debt level disclosure,Debt currency denomination,Subnational resource revenue sharing,Subnational resource revenue sharing RANK,Subnational transfer agency rules,Subnational transfer agency rules RANK,Subnational agency rule,Subnational transfer rules,Subnational transfer rules RANK,Revenue sharing formula,Revenue share amount specification,Subnational transfer disclosure,Subnational transfer disclosure RANK,Revenues shared disclosure,Revenues shared disclosure timeliness,Revenues shared disclosure by revenue stream,Subnational transfer audit rule,Subnational transfer audit rule RANK,Transfer audit requirement,Subnational transfer audit practice,Subnational transfer audit practice RANK,Transfer audit timeframe,Sovereign wealth funds,Sovereign wealth funds RANK,SWF deposit and withdrawal rules,SWF deposit and withdrawal rules RANK,SWF withdrawal rule,SWF national budget review requirement,SWF deposit rule,SWF deposit and withdrawal practice,SWF deposit and withdrawal practice RANK,SWF size of fund disclosure,SWF deposit and withdrawal amounts disclosure,SWF withdrawal rule adherence,SWF deposit rule adherence,SWF investment rules,SWF investment rules RANK,SWF domestic investment rule,SWF asset class rule,SWF investment practice,SWF investment practice RANK,SWF rate of return disclosure,SWF assets held disclosure,SWF asset class disclosure,SWF national budget review practice,SWF asset class rule adherence,SWF financial reporting rules,SWF financial reporting rules RANK,SWF annual financial reporting requirement,SWF financial report disclosure rule,SWF financial audit requirement,SWF legislative review requirement,SWF financial reporting practice,SWF financial reporting practice RANK,SWF financial report disclosure,SWF financial audit timeframe,SWF legislative review,Enabling environment,Governance enabling environment RANK,Voice and accountability,Voice and accountability RANK,Government effectiveness,Government effectiveness RANK,Regulatory quality,Regulatory quality RANK,Rule of law,Rule of law RANK,Control of corruption,Control of corruption RANK,Political stability and absence of violence,Political stability and absence of violence RANK,Open data,Open data RANK,Open data inventory,Open data inventory RANK,Open data barometer,Open data barometer RANK,Open data index,Open data index RANK
ORIGINAL Q#,ISO,M,O&G,,,,,,,,,2,3,4,,,169,45,46,47,,,28,32,34,25,,,29,33,35,,,37,39,41,43,,,38,40,42,,,20,22,,,21,23,,,15,,,16,17,,,,,5,6,7,,,8,9,10,,,56,,,59,60,61,,,50,51,52,53,54,,,62,63,64,,,65,,,18,19,,,,,66,67,,,68,,,69,70,,,71,,,72,77,,,78,,,73,75,,,,,82,,,84,85,,,86,98,116,,,100,101,,,99,87,88,89,90,,,96,97,,,105,106,107,109,,,110,111,112,113,,,91,92,93,94,95,,,115,114,,,,,,,11,12,13,14,,,117,119,,,118,120,,,121,122,125,124,,,126,127,,,,,132,,,133,134,,,135,136,138,,,142,,,143,,,,,146,148,150,,,160,161,147,151,,,154,155,,,162,163,164,149,156,,,157,158,165,167,,,159,166,168,,,,,,,,,,,,,,,,,,,,,,
Afghanistan,AFG,1,0,34.24,71,58.42592593,30,45.83333333,30,56.66666667,59,100,20,50,0,43,0,0,0,0,50,40,100,0,.,.,66.66666667,22,100,0,100,25,47,0,100,0,0,100,1,100,100,100,10,49,20,0,50,3,100,0,0,23,0,100,1,100,100,64.44444444,45,.,.,.,.,.,.,.,.,.,.,100,1,100,76.66666667,38,100,80,50,50,74,100,0,0,100,.,100,1,100,100,100,0,44,0,60,33,50,70,65,16,60,27,100,20,.,.,.,50,41,100,0,.,.,.,50,63,100,0,.,.,.,100,1,100,100,.,.,.,.,.,.,.,.,.,.,.,.,.,.,.,.,.,.,.,.,.,.,.,.,.,.,.,.,.,.,.,.,.,.,.,.,.,.,.,.,.,.,.,.,.,.,.,.,.,.,.,.,30.54,64,30,62,0,8,0,0,0,0,0,37,0,.,0,29,0,.,50,65,0,100,100,0,100,1,100,100,31.08,26,0,25,0,100,1,100,100,0,25,0,0,0,100,1,100,0,13,0,.,.,.,.,.,.,.,.,.,.,.,.,.,.,.,.,.,.,.,.,.,.,.,.,.,.,.,.,.,.,.,.,.,.,.,13.75,82,29.2,64,12.1,79,24.3,68,4.8,86,9.7,82,2.4,88,.,.,.,.,.,.,.,.
Algeria,DZA,0,1,33.23,73,40.2875,70,36.83333333,43,76.66666667,14,100,80,50,0,43,0,0,0,0,100,1,100,100,100,100,66.66666667,22,100,0,100,25,47,0,100,0,0,50,53,0,100,50,50,13,100,0,0,27,0,0,0,23,0,0,35,0,0,47.91666667,73,66.66666667,50,50,100,50,66.66666667,43,50,100,50,0,53,0,56.66666667,65,50,100,20,80,44,100,100,100,100,0,83.33333333,37,100,50,100,0,44,0,30,46,30,.,29.16666667,74,25,63,50,0,0,39,0,50,41,100,0,0,21,0,100,1,100,100,.,.,.,0,80,0,0,47.23333333,39,100,1,100,40,54,0,80,33.33333333,43,100,0,0,10,50,20,0,76,40,0,80,100,100,100,80,33,80,80,0,40,0,0,0,0,25,16,50,50,0,0,48,38,80,80,0,80,0,60,19,100,20,24.55555556,77,28,76,0,8,.,0,0,0,0,37,0,.,0,29,0,.,100,1,100,100,100,100,40,77,80,0,.,.,.,.,.,.,.,.,.,.,.,.,.,.,.,.,.,.,.,.,21.11111111,28,33,18,0,0,100,66.66666667,15,100,100,0,.,0,23,0,0,0,24,0,0,0,0,.,0,31,0,.,0,0,27,21,80,0,0,34.83571429,66,46.3,50,52.4,44,20.7,71,39,56,48.7,46,21.9,69,14.85,75,9,75,.,.,20,47
Angola,AGO,0,1,35.4758642,70,50.175,47,45.66666667,31,50,62,80,20,50,80,14,20,100,100,100,75,15,100,100,100,0,100,1,100,100,100,75,9,0,100,100,100,66.66666667,28,0,100,100,10,49,20,0,0,27,0,0,0,23,0,0,35,0,0,57.08333333,62,83.33333333,16,100,100,50,93.33333333,1,100,100,80,0,53,0,100,1,100,100,100,50,74,100,100,0,.,0,100,1,100,100,100,0,44,0,30,46,30,.,41.66666667,60,50,28,100,0,0,39,0,50,41,100,0,0,21,0,100,1,100,100,.,.,.,50,24,100,0,56.28333333,29,100,1,100,90,24,100,80,33.33333333,43,0,100,0,25,37,0,50,96,27,100,80,100,100,100,90,27,80,100,25,24,0,0,100,0,37.5,6,50,50,50,0,16,57,0,0,0,80,0,50,29,0,100,31.45259259,63,38,49,0,8,0,0,0,0,0,37,0,.,0,29,0,.,100,1,100,100,100,100,90,60,80,100,31.08,26,100,1,100,100,1,100,100,0,25,0,0,0,0,24,0,0,13,0,25.27777778,24,0,29,0,0,0,25,18,100,0,0,0,0,23,0,0,25,18,0,0,100,0,.,75,15,100,100,100,0,27,21,80,0,0,24.8,72,28,65,25.6,67,30.4,63,21.9,70,7.3,84,47.5,45,12.9,76,13,72,.,.,.,.
Argentina,ARG,0,1,56.84980159,22,58.1875,31,35.83333333,46,93.33333333,1,100,100,80,80,14,20,100,100,100,75,15,100,0,100,100,10,58,.,0,20,0,67,0,0,0,0,0,80,0,0,0,100,1,100,100,0,27,.,0,0,23,0,0,35,0,0,42.91666667,78,93.33333333,6,100,100,80,50,76,50,20,80,0,53,0,0,79,0,0,0,70,64,100,100,0,100,50,100,1,100,100,100,0,44,0,30,46,30,.,70.83333333,12,25,63,50,0,100,1,100,50,41,100,0,100,1,100,100,1,100,100,.,.,.,50,24,100,0,83.16666667,3,100,1,100,100,1,100,100,66.66666667,10,100,100,0,100,1,100,.,100,1,100,100,100,100,100,100,1,100,100,100,1,100,100,100,100,25,16,50,50,0,0,80,8,100,100,100,100,0,60,19,100,20,54,23,54,24,95,1,100,100,80,100,50,21,100,0,0,29,0,0,75,48,100,100,100,0,50,68,100,0,.,.,.,.,.,.,.,.,.,.,.,.,.,.,.,.,.,.,.,.,.,.,.,.,.,.,.,.,.,.,.,.,.,.,.,.,.,.,.,.,.,.,.,.,.,.,.,.,.,.,.,.,.,.,.,58.36190476,37,84.1,14,68.2,28,28,65,41.4,54,57.3,39,75.6,21,53.93333333,31,35,48,56,24,71,15
Australia (Western),AU-WA,1,0,70.57063492,8,65.43650794,11,56.25,15,90,5,80,100,90,75,17,100,100,50,50,0,78,0,0,0,.,25,50,0,.,50,62.5,27,50,50,50,100,100,1,100,100,100,10,49,20,0,0,27,.,0,100,1,100,100,1,100,100,57.91666667,60,66.66666667,50,50,100,50,66.66666667,43,50,100,50,0,53,0,66.66666667,49,50,100,50,66.66666667,66,100,50,.,50,.,66.66666667,42,100,0,100,100,1,100,30,46,30,.,82.14285714,6,75,20,100,50,100,1,100,50,41,50,50,100,1,100,100,1,100,100,100,1,100,50,24,100,0,.,.,.,.,.,.,.,.,.,.,.,.,.,.,.,.,.,.,.,.,.,.,.,.,.,.,.,.,.,.,.,.,.,.,.,.,.,.,.,.,.,.,.,.,.,.,.,.,.,.,.,.,50.69444444,32,40,33,0,8,0,0,0,0,0,37,0,.,0,29,0,.,100,1,100,100,100,100,100,1,100,100,.,.,.,.,.,.,.,.,.,.,.,.,.,.,.,.,.,.,.,.,61.38888889,13,50,17,0,50,100,75,10,100,100,0,100,0,23,0,0,50,14,100,0,0,100,.,100,1,100,100,100,100,93,9,80,100,100,95.58095238,3,96.3,3,95.1,4,97.5,2,96.3,3,97.5,2,93.9,5,92.46666667,4,92,6,93,4,93,4
Azerbaijan,AZE,0,1,46.70261243,47,48.73958333,52,28,61,76.66666667,14,80,100,50,75,17,100,100,0,100,0,78,0,0,0,0,0,61,0,0,0,25,47,0,0,0,100,33.33333333,65,0,50,50,35,29,20,50,0,27,0,0,0,23,0,35,22,20,50,59.375,58,76.66666667,30,50,100,80,76.66666667,11,50,100,80,50,33,50,100,1,100,100,100,80,44,100,100,0,100,100,16.66666667,83,50,0,0,0,44,0,75,8,50,100,37.5,65,25,63,50,0,100,1,100,0,82,0,0,.,.,.,50,63,100,0,0,13,0,50,24,100,0,70.08333333,13,100,1,100,100,1,100,100,33.33333333,43,50,50,0,50,17,0,100,100,1,100,100,100,100,100,100,1,100,100,0,40,0,0,0,0,37.5,6,50,50,0,50,80,8,100,100,100,100,0,100,1,100,100,42.61111111,43,33,59,0,8,0,0,0,0,40,31,80,0,50,6,100,0,75,48,0,100,100,100,0,79,0,0,.,.,.,.,.,.,.,.,.,.,.,.,.,.,.,.,.,.,.,.,52.22222222,15,17,26,0,0,50,75,10,100,100,0,100,25,17,0,50,80,10,100,100,100,0,100,50,25,50,100,50,0,67,10,100,100,0,48.75714286,44,14.6,78,60.9,36,65.8,32,53.6,44,36.5,58,40.2,52,69.7,21,84,14,.,.,56,23
Bahrain,BHR,0,1,38.64146825,59,26.92440476,83,9.166666667,85,0,64,0,0,0,0,43,0,0,0,0,25,67,0,0,0,100,0,61,0,0,0,0,67,0,0,0,0,66.66666667,28,0,100,100,0,77,0,0,0,27,0,0,0,23,0,0,35,0,0,46.25,75,83.33333333,16,100,100,50,86.66666667,3,100,80,80,0,53,0,83.33333333,17,50,100,100,20,88,100,0,0,0,0,66.66666667,42,100,0,100,0,44,0,30,46,30,.,20.71428571,83,25,63,50,0,20,23,20,50,41,100,0,0,21,0,50,63,100,0,0,13,0,0,80,0,0,31.56666667,60,100,1,100,50,44,100,0,66.66666667,10,0,100,100,0,54,0,0,16,54,0,80,0,0,0,0,55,0,0,0,40,0,0,0,0,25,16,50,50,0,0,8,59,20,20,0,0,0,50,29,0,100,25.83333333,75,20,82,0,8,0,0,0,0,0,37,0,.,0,29,0,.,100,1,100,100,100,100,0,79,0,0,.,.,.,.,.,.,.,.,.,.,.,.,.,.,.,.,.,.,.,.,31.66666667,23,33,18,0,0,100,25,18,0,0,0,100,0,23,0,0,25,18,0,0,0,100,.,100,1,100,.,100,100,7,24,0,0,20,63.16666667,30,20.7,73,87.8,10,90.2,8,85.3,12,85.3,12,18.2,73,54.66666667,30,60,30,48,28,56,23
Bangladesh,BGD,0,1,36.17395833,67,39.421875,71,24.33333333,66,76.66666667,14,80,100,50,0,43,0,0,0,0,25,67,0,0,0,100,40,41,100,0,20,25,47,0,0,0,100,66.66666667,28,0,100,100,10,49,20,0,0,27,.,0,0,23,0,0,35,0,0,41.77083333,79,66.66666667,50,50,100,50,76.66666667,11,50,100,80,0,53,0,56.66666667,65,50,100,20,37.5,87,100,0,50,.,0,66.66666667,42,100,0,100,0,44,0,30,46,30,.,37.5,65,25,63,50,0,0,39,0,50,41,100,0,0,21,0,100,1,100,100,.,.,.,50,24,100,0,54.08333333,33,0,55,0,90,24,80,100,50,39,50,100,0,100,1,100,.,80,36,100,100,100,0,100,100,1,100,100,33.33333333,20,0,100,0,.,37.5,6,50,50,0,50,40,41,0,0,0,100,100,10,46,0,20,35,55,35,52,0,8,0,0,0,0,0,37,0,.,0,29,0,.,75,48,0,100,100,100,100,1,100,100,.,.,.,.,.,.,.,.,.,.,.,.,.,.,.,.,.,.,.,.,.,.,.,.,.,.,.,.,.,.,.,.,.,.,.,.,.,.,.,.,.,.,.,.,.,.,.,.,.,.,.,.,.,.,.,34.1,67,51.2,46,36.5,58,29.2,64,47.5,49,32.9,61,17,74,24.4,62,49,43,22,42,2,51
Bolivia,BOL,0,1,53.57706349,34,60.56547619,23,30.41666667,54,70,36,80,80,50,0,43,0,0,0,0,12.5,77,50,0,0,0,20,51,20,.,.,0,67,0,0,0,0,66.66666667,28,0,100,100,50,13,100,0,50,3,100,0,0,23,0,35,22,20,50,77.14285714,19,83.33333333,16,100,100,50,76.66666667,11,50,100,80,100,1,100,66.66666667,49,50,100,50,100,1,100,100,100,100,100,83.33333333,37,50,100,100,.,.,.,30,46,30,.,64.28571429,17,100,1,100,100,0,39,0,100,1,100,100,0,21,0,100,1,100,100,100,1,100,50,24,100,0,70.41666667,12,100,1,100,100,1,100,100,100,1,100,100,100,0,54,0,0,100,1,.,100,100,100,100,100,1,100,100,66.66666667,10,0,100,.,100,37.5,6,100,50,0,0,40,41,20,20,0,80,80,60,19,100,20,51.08,30,40,33,0,8,0,0,0,0,0,37,0,.,0,29,0,.,100,1,100,100,100,100,100,1,100,100,62.16,8,100,1,100,100,1,100,100,100,1,100,100,100,0,24,0,100,1,100,.,.,.,.,.,.,.,.,.,.,.,.,.,.,.,.,.,.,.,.,.,.,.,.,.,.,.,.,.,.,.,.,.,.,.,49.08571429,43,73.1,25,41.4,54,31.7,62,20.7,71,47.5,47,63.4,31,65.8,27,66,26,.,.,.,.
Botswana,BWA,1,0,61.01415344,18,40.375,68,17.5,76,0,64,0,0,0,0,43,0,0,0,0,50,40,100,0,0,100,16.66666667,54,50,0,0,75,9,0,100,100,100,33.33333333,65,0,100,0,0,77,0,0,0,27,0,0,0,23,0,0,35,0,0,48.33333333,71,66.66666667,50,50,100,50,66.66666667,43,50,100,50,0,53,0,56.66666667,65,50,100,20,50,74,0,100,0,100,.,66.66666667,42,100,0,100,50,34,50,30,46,30,.,66.66666667,14,50,28,50,50,0,39,0,100,1,100,100,100,1,100,100,1,100,100,.,.,.,50,24,100,0,29,61,0,55,0,0,58,0,0,0,64,0,0,0,50,17,0,100,0,55,0,0,0,0,0,50,45,80,20,25,24,100,0,0,0,25,16,0,0,0,100,40,41,100,0,0,100,0,100,1,100,100,61.63888889,14,58,19,0,8,0,0,0,0,40,31,80,0,50,6,100,0,100,1,100,100,100,100,100,1,100,100,.,.,.,.,.,.,.,.,.,.,.,.,.,.,.,.,.,.,.,.,65.27777778,12,17,26,0,50,0,25,18,100,0,0,0,50,6,50,50,100,1,100,100,100,100,100,100,1,100,100,100,100,100,1,100,100,100,81.02857143,7,87.8,11,86.5,11,84.1,13,89,9,89,9,96.3,3,34.5,52,45,44,15,46,44,32
Brazil,BRA,0,1,70.78209325,6,62.234375,19,60.83333333,11,83.33333333,8,100,100,50,87.5,9,50,100,100,100,100,1,100,100,100,100,100,1,100,100,100,87.5,8,100,100,100,50,100,1,100,100,100,50,13,100,0,0,27,0,0,0,23,0,0,35,0,0,73.4375,25,93.33333333,6,100,100,80,76.66666667,11,50,100,80,100,1,100,0,79,0,0,0,87.5,39,100,100,.,50,100,100,1,100,100,100,100,1,100,30,46,30,.,50,41,50,28,50,50,0,39,0,25,77,50,0,.,.,.,75,59,50,100,100,1,100,50,24,100,0,64.66666667,21,100,1,100,50,44,0,100,66.66666667,10,100,100,0,25,37,0,50,100,1,100,100,100,100,100,100,1,100,100,0,40,0,0,0,0,25,16,50,50,0,0,80,8,100,100,100,100,0,100,1,100,100,78.35,5,79,5,70,4,100,100,80,0,100,1,100,100,50,6,0,100,75,48,100,100,100,0,100,1,100,100,77.7,1,100,1,100,100,1,100,100,100,1,100,100,100,100,1,100,.,.,.,.,.,.,.,.,.,.,.,.,.,.,.,.,.,.,.,.,.,.,.,.,.,.,.,.,.,.,.,.,.,.,.,.,.,.,71.76190476,14,85.3,13,64.6,32,68.2,30,74.3,23,65.8,31,60.9,33,83.23333333,10,73,21,87,7,90,6
Burkina Faso,BFA,1,0,59.08801058,20,66.48412698,7,65.16666667,4,0,64,0,0,0,35,39,20,20,100,0,66.66666667,32,100,0,100,.,83.33333333,17,100,50,100,75,9,0,100,100,100,66.66666667,28,0,100,100,75,3,100,50,50,3,100,0,100,1,100,100,1,100,100,70,35,66.66666667,50,50,100,50,60,65,50,80,50,50,33,50,76.66666667,38,100,80,50,100,1,100,100,100,100,.,66.66666667,42,100,0,100,.,.,.,70,9,70,70,64.28571429,17,100,1,100,100,0,39,0,100,1,100,100,100,1,100,100,1,100,100,0,13,0,50,24,100,0,.,.,.,.,.,.,.,.,.,.,.,.,.,.,.,.,.,.,.,.,.,.,.,.,.,.,.,.,.,.,.,.,.,.,.,.,.,.,.,.,.,.,.,.,.,.,.,.,.,.,.,.,53.918,25,55,23,0,8,0,0,0,0,100,1,100,100,50,6,0,100,75,48,0,100,100,100,50,68,100,0,52.836,16,100,1,100,100,1,100,100,40,21,20,100,0,100,1,100,0,13,0,.,.,.,.,.,.,.,.,.,.,.,.,.,.,.,.,.,.,.,.,.,.,.,.,.,.,.,.,.,.,.,.,.,.,.,56.86190476,38,68.2,31,48.7,47,62.1,35,56,42,73.1,25,42.6,50,47.33333333,37,45,44,30,38,68,18
Cambodia,KHM,1,0,29.55026455,79,30.86507937,80,9.5,84,0,64,0,0,0,0,43,0,0,0,0,0,78,0,0,0,.,0,61,0,0,0,50,28,0,100,100,0,0,80,0,0,0,10,49,20,0,0,27,0,0,0,23,0,35,22,20,50,40.23809524,80,0,83,0,0,0,76.66666667,11,50,80,100,0,53,0,0,79,0,0,0,75,54,100,100,0,100,.,100,1,100,100,100,.,.,.,30,46,30,.,42.85714286,57,50,28,100,0,0,39,0,50,41,100,0,100,1,100,50,63,100,0,0,13,0,50,24,100,0,.,.,.,.,.,.,.,.,.,.,.,.,.,.,.,.,.,.,.,.,.,.,.,.,.,.,.,.,.,.,.,.,.,.,.,.,.,.,.,.,.,.,.,.,.,.,.,.,.,.,.,.,18,85,18,84,0,8,0,0,0,0,0,37,0,.,0,29,0,.,50,65,0,100,100,0,40,77,80,0,.,.,.,.,.,.,.,.,.,.,.,.,.,.,.,.,.,.,.,.,.,.,.,.,.,.,.,.,.,.,.,.,.,.,.,.,.,.,.,.,.,.,.,.,.,.,.,.,.,.,.,.,.,.,.,39.78571429,60,34.1,60,39,56,54.8,43,32.9,61,24.3,69,74.3,22,19.1,68,9,75,.,.,29,42
Cameroon,CMR,0,1,54.07777778,30,59.30952381,27,31.33333333,52,70,36,80,80,50,0,43,0,0,0,0,75,15,100,0,100,100,100,1,100,100,100,0,67,0,0,0,0,33.33333333,65,0,50,50,35,29,20,50,0,27,0,0,0,23,0,0,35,0,0,75.41666667,24,83.33333333,16,100,100,50,66.66666667,43,50,100,50,100,1,100,83.33333333,17,100,100,50,100,1,100,100,100,100,100,100,1,100,100,100,0,44,0,70,9,70,70,78.57142857,8,100,1,100,100,0,39,0,100,1,100,100,100,1,100,100,1,100,100,100,1,100,50,24,100,0,51.91666667,35,100,1,100,90,24,80,100,33.33333333,43,0,100,0,50,17,0,100,33.33333333,44,100,0,.,0,.,100,1,100,100,25,24,0,0,100,0,37.5,6,50,50,50,0,40,41,100,100,0,0,0,10,46,0,20,70,8,70,9,0,8,0,0,0,0,100,1,100,100,50,6,0,100,100,1,100,100,100,100,100,1,100,100,.,.,.,.,.,.,.,.,.,.,.,.,.,.,.,.,.,.,.,.,.,.,.,.,.,.,.,.,.,.,.,.,.,.,.,.,.,.,.,.,.,.,.,.,.,.,.,.,.,.,.,.,.,.,.,32.92380952,69,41.4,54,31.7,62,32.9,61,30.4,63,25.6,68,24.3,67,44.16666667,40,60,30,17,45,56,23
Canada (Alberta),CA-AB,0,1,74.97486772,4,69.31746032,5,36.58333333,45,86.66666667,6,80,100,80,0,43,0,0,0,0,16.66666667,76,0,0,50,.,50,30,0,50,100,12.5,65,0,50,0,0,50,53,0,100,50,50,13,100,0,50,3,100,0,0,23,0,50,13,50,50,82.08333333,11,76.66666667,30,50,100,80,66.66666667,43,50,100,50,100,1,100,83.33333333,17,50,100,100,100,1,100,100,.,100,.,100,1,.,100,100,100,1,100,30,46,30,.,89.28571429,3,75,20,50,100,100,1,100,100,1,100,100,100,1,100,100,1,100,100,100,1,100,50,24,100,0,.,.,.,.,.,.,.,.,.,.,.,.,.,.,.,.,.,.,.,.,.,.,.,.,.,.,.,.,.,.,.,.,.,.,.,.,.,.,.,.,.,.,.,.,.,.,.,.,.,.,.,.,58.75,17,30,62,0,8,0,0,0,0,0,37,0,.,0,29,0,.,100,1,100,100,100,100,50,68,100,0,.,.,.,.,.,.,.,.,.,.,.,.,.,.,.,.,.,.,.,.,87.5,7,100,1,100,100,100,100,1,100,100,100,100,25,17,0,50,100,1,100,100,100,100,100,100,1,100,100,100,100,100,1,100,100,100,96.85714286,2,97.5,2,97.5,2,96.3,3,97.5,2,95.1,4,98.7,1,95.4,1,96,2,94,3,.,.
Chad,TCD,0,1,33.74895503,72,39.11607143,72,24,67,70,36,80,80,50,0,43,0,0,0,0,75,15,100,100,0,100,0,61,0,.,.,0,67,0,0,0,0,25,71,0,50,.,35,29,20,50,0,27,0,0,0,23,0,35,22,20,50,65.83333333,40,76.66666667,30,100,80,50,76.66666667,11,100,80,50,50,33,50,83.33333333,17,100,100,50,70,64,50,100,0,100,100,100,1,100,100,100,0,44,0,70,9,70,70,20.71428571,83,25,63,50,0,20,23,20,50,41,100,0,0,21,0,0,83,0,0,0,13,0,50,24,100,0,45.91666667,40,50,49,50,80,29,80,80,16.66666667,63,0,50,0,100,1,100,.,0,55,0,0,0,0,0,80,33,80,80,0,40,0,0,0,0,62.5,2,50,100,100,0,60,21,80,100,0,.,.,10,46,0,20,43.00222222,42,45,31,0,8,0,0,0,0,100,1,100,100,50,6,0,100,25,82,0,100,0,0,50,68,100,0,67.34,7,100,1,100,100,1,100,100,33.33333333,22,20,80,0,100,1,100,100,1,100,16.66666667,30,33,18,0,100,0,0,26,0,0,0,0,0,23,0,0,0,24,0,0,0,.,.,66.66666667,19,100,.,100,0,0,25,0,0,0,19.12857143,78,18.2,75,8.5,82,18.2,73,19.5,72,13.4,79,25.6,66,30.5,55,31,58,.,.,.,.
Chile,CHL,1,0,81.34434524,2,73.64732143,3,51.16666667,21,70,36,80,80,50,75,17,50,100,100,50,66.66666667,32,0,.,100,100,50,30,0,.,100,100,1,100,100,100,100,100,1,100,100,100,50,13,100,0,0,27,0,0,0,23,0,0,35,0,0,67.70833333,37,93.33333333,6,100,100,80,76.66666667,11,50,100,80,0,53,0,66.66666667,49,50,100,50,75,54,100,100,0,100,.,100,1,100,100,100,100,1,100,30,46,30,.,85.71428571,5,100,1,100,100,100,1,100,100,1,100,100,100,1,100,100,1,100,100,0,13,0,100,1,100,100,90,1,100,1,100,100,1,100,100,100,1,100,100,100,100,1,100,.,100,1,100,100,100,100,100,100,1,100,100,75,4,0,100,100,100,25,16,50,50,0,0,100,1,100,100,100,100,100,100,1,100,100,80.83333333,4,70,9,0,8,0,0,0,0,100,1,100,100,50,6,0,100,100,1,100,100,100,100,100,1,100,100,.,.,.,.,.,.,.,.,.,.,.,.,.,.,.,.,.,.,.,.,91.66666667,4,100,1,100,100,100,100,1,100,100,100,100,50,6,50,50,100,1,100,100,100,100,100,100,1,100,100,100,100,100,1,100,100,100,89.55238095,6,92.6,6,91.4,7,93.9,5,92.6,6,92.6,6,84.1,13,79.66666667,14,76,18,80,11,83,10
China,CHN,0,1,54.8093254,29,51.5375,43,43.91666667,34,76.66666667,14,80,100,50,62.5,28,50,100,100,0,75,15,100,0,100,100,50,30,.,50,50,75,9,100,100,100,0,100,1,100,100,100,0,77,0,0,0,27,0,.,0,23,0,0,35,0,0,54.58333333,64,66.66666667,50,50,100,50,76.66666667,11,50,100,80,0,53,0,66.66666667,49,50,100,50,80,44,100,100,0,100,100,66.66666667,42,100,0,100,50,34,50,30,46,30,.,50,41,50,28,50,50,50,12,50,100,1,100,100,0,21,0,100,1,100,100,0,13,0,50,24,100,0,57.65,28,100,1,100,50,44,0,100,100,1,.,100,.,10,50,20,0,80,36,100,100,100,0,100,100,1,100,100,0,40,0,0,0,.,12.5,38,50,0,0,0,24,54,100,0,0,20,0,100,1,100,100,54,23,54,24,70,4,100,100,80,0,0,37,0,.,0,29,0,.,100,1,100,100,100,100,100,1,100,100,.,.,.,.,.,.,.,.,.,.,.,.,.,.,.,.,.,.,.,.,.,.,.,.,.,.,.,.,.,.,.,.,.,.,.,.,.,.,.,.,.,.,.,.,.,.,.,.,.,.,.,.,.,.,.,58.89047619,34,9.7,82,85.3,12,64.6,33,69.5,28,75.6,22,51.2,42,56.33333333,29,76,18,54,25,39,34
Colombia,COL,1,0,69.32079365,10,58.9047619,29,58.5,12,0,64,0,0,0,100,1,100,100,100,100,66.66666667,32,100,0,100,.,83.33333333,17,50,100,100,50,28,0,100,0,100,100,1,100,100,100,35,29,20,50,0,27,0,0,100,1,100,50,13,50,50,72.5,27,76.66666667,30,50,100,80,76.66666667,11,50,100,80,0,53,0,66.66666667,49,50,100,50,100,1,100,100,.,100,.,100,1,100,100,100,100,1,100,60,33,50,70,45.71428571,52,50,28,50,50,20,23,20,100,1,100,100,0,21,0,100,1,100,100,0,13,0,50,24,100,0,.,.,.,.,.,.,.,.,.,.,.,.,.,.,.,.,.,.,.,.,.,.,.,.,.,.,.,.,.,.,.,.,.,.,.,.,.,.,.,.,.,.,.,.,.,.,.,.,.,.,.,.,81.64333333,3,75,7,0,8,0,0,0,0,100,1,100,100,100,1,100,100,75,48,100,100,100,0,100,1,100,100,69.93,5,100,1,100,50,29,100,0,100,1,100,100,100,100,1,100,100,1,100,100,1,100,1,100,100,100,100,1,100,100,100,100,100,1,100,100,100,1,100,100,100,100,100,100,1,100,100,100,100,100,1,100,100,100,67.41428571,20,71.9,26,71.9,24,82.9,14,70.7,26,74.3,23,19.5,71,80.7,12,66,26,81,9,95,2
Colombia,COL,0,1,70.75234127,7,59.36607143,26,57.41666667,14,76.66666667,14,80,100,50,0,43,0,0,0,0,62.5,36,50,50,50,100,100,1,100,100,100,25,47,0,50,0,50,100,1,100,100,100,35,29,20,50,0,27,0,0,100,1,100,75,9,100,50,71.66666667,31,93.33333333,6,100,100,80,76.66666667,11,50,100,80,0,53,0,83.33333333,17,100,100,50,60,68,100,100,0,100,0,100,1,100,100,100,100,1,100,60,33,50,70,35.71428571,70,50,28,50,50,0,39,0,50,41,100,0,0,21,0,100,1,100,100,0,13,0,50,24,100,0,72.66666667,11,100,1,100,100,1,100,100,66.66666667,10,100,100,0,100,1,100,.,100,1,100,100,100,100,100,100,1,100,100,0,40,0,0,.,0,0,51,0,0,0,0,60,21,100,100,0,100,0,100,1,100,100,85.47666667,1,86.5,1,57.5,6,100,0,80,50,100,1,100,100,100,1,100,100,75,48,100,100,100,0,100,1,100,100,69.93,5,100,1,100,50,29,100,0,100,1,100,100,100,100,1,100,100,1,100,100,1,100,1,100,100,100,100,1,100,100,100,100,100,1,100,100,100,1,100,100,100,100,100,100,1,100,100,100,100,100,1,100,100,100,67.41428571,20,71.9,26,71.9,24,82.9,14,70.7,26,74.3,23,19.5,71,80.7,12,66,26,81,9,95,2
Congo,COG,0,1,39.28789683,58,44.5922619,58,32,51,0,64,0,0,0,0,43,0,0,0,0,75,15,100,100,0,100,0,61,0,0,0,50,28,0,100,100,0,50,53,0,50,100,10,49,20,0,0,27,0,0,100,1,100,35,22,20,50,63.0952381,48,60,75,50,80,50,60,65,50,80,50,50,33,50,76.66666667,38,100,80,50,75,54,100,100,.,0,100,50,66,50,0,100,.,.,.,70,9,70,70,42.85714286,57,100,1,100,100,0,39,0,100,1,100,100,0,21,0,50,63,100,0,0,13,0,50,24,100,0,40.41666667,45,50,49,50,80,29,80,80,66.66666667,10,100,100,0,35,28,20,50,0,55,0,0,0,0,0,80,33,80,80,50,12,0,100,100,0,12.5,38,0,50,0,0,20,55,20,0,0,80,0,10,46,0,20,44,39,44,32,0,8,0,0,0,0,100,1,100,100,50,6,0,100,70,63,80,100,100,0,0,79,0,0,.,.,.,.,.,.,.,.,.,.,.,.,.,.,.,.,.,.,.,.,.,.,.,.,.,.,.,.,.,.,.,.,.,.,.,.,.,.,.,.,.,.,.,.,.,.,.,.,.,.,.,.,.,.,.,29.27142857,71,40.2,55,24.3,68,19.5,72,25.6,67,18.2,74,53.6,40,23.5,63,24,63,.,.,.,.
Cote d'Ivoire,CIV,0,1,55.15575397,28,59.79583333,25,39.41666667,38,0,64,0,0,0,67.5,26,50,20,100,100,50,40,100,0,0,100,0,61,0,0,0,75,9,0,100,100,100,66.66666667,28,0,100,100,25,46,0,50,10,16,0,20,100,1,100,0,35,0,0,64.16666667,46,76.66666667,30,100,80,50,76.66666667,11,100,80,50,100,1,100,76.66666667,38,100,80,50,80,44,100,100,0,100,100,33.33333333,70,100,0,0,0,44,0,70,9,70,70,75,9,50,28,50,50,100,1,100,50,41,100,0,100,1,100,100,1,100,100,.,.,.,50,24,100,0,60.6,26,50,49,50,80,29,80,80,100,1,100,100,100,35,28,20,50,96,27,100,80,100,100,100,80,33,80,80,50,12,0,0,100,100,25,16,50,50,0,0,80,8,80,80,80,.,.,10,46,0,20,60,16,60,17,0,8,0,0,0,0,100,1,100,100,50,6,0,100,50,65,0,100,100,0,100,1,100,100,.,.,.,.,.,.,.,.,.,.,.,.,.,.,.,.,.,.,.,.,.,.,.,.,.,.,.,.,.,.,.,.,.,.,.,.,.,.,.,.,.,.,.,.,.,.,.,.,.,.,.,.,.,.,.,45.67142857,49,53.6,44,42.6,53,51.2,46,51.2,46,68.2,29,36.5,55,16.4,71,16,69,.,.,.,.
Cuba,CUB,0,1,36.25507055,66,29.05092593,82,16.48148148,80,0,64,0,0,0,0,43,0,0,0,0,75,15,100,0,100,100,50,30,50,0,100,0,67,0,0,0,0,13.33333333,75,0,20,20,10,49,20,0,.,.,.,.,0,23,0,0,35,0,0,20,87,60,75,50,80,50,.,.,.,.,.,0,53,0,0,79,0,0,0,50,74,100,100,.,0,0,0,84,0,0,0,0,44,0,30,46,30,.,40.83333333,62,25,63,50,0,20,23,20,50,41,100,0,0,21,0,100,1,100,100,.,.,.,50,24,100,0,38.88888889,48,100,1,100,0,58,0,0,0,64,0,0,0,100,1,100,.,0,55,0,0,0,0,0,100,1,100,.,0,40,0,0,0,0,.,.,.,.,.,.,40,41,100,0,0,100,0,10,46,0,20,23,80,23,81,0,8,0,0,0,0,0,37,0,.,0,29,0,.,25,82,0,100,0,0,90,60,80,100,.,.,.,.,.,.,.,.,.,.,.,.,.,.,.,.,.,.,.,.,.,.,.,.,.,.,.,.,.,.,.,.,.,.,.,.,.,.,.,.,.,.,.,.,.,.,.,.,.,.,.,.,.,.,.,56.71428571,39,12.1,80,74.3,22,15.8,75,50,47,84.1,13,87.8,10,72.9,17,73,21,.,.,.,.
Democratic Republic of Congo,COD,1,0,32.99253968,75,52.13333333,41,64.33333333,5,65,56,80,.,50,50,32,50,100,50,0,50,40,100,0,0,100,100,1,100,.,100,100,1,100,100,100,100,83.33333333,23,100,100,50,35,29,20,50,10,16,0,20,100,1,100,50,13,50,50,67.08333333,38,66.66666667,50,50,100,50,83.33333333,4,100,100,50,100,1,100,83.33333333,17,100,100,50,100,1,100,100,100,100,.,33.33333333,70,0,0,100,0,44,0,70,9,70,70,41.66666667,60,50,28,50,50,0,39,0,50,41,100,0,0,21,0,100,1,100,100,.,.,.,50,24,100,0,35.45,53,100,1,100,80,29,80,80,0,64,0,0,0,0,54,0,0,0,55,.,0,0,0,0,80,33,80,80,0,40,0,0,.,.,12.5,38,50,0,0,0,32,49,80,80,0,0,0,50,29,0,100,34.63,60,33,59,0,8,0,0,0,0,0,37,0,.,0,29,0,.,75,48,0,100,100,100,90,60,80,100,36.26,25,100,1,100,100,1,100,100,33.33333333,22,20,80,0,0,24,0,0,13,0,.,.,.,.,.,.,.,.,.,.,.,.,.,.,.,.,.,.,.,.,.,.,.,.,.,.,.,.,.,.,.,.,.,.,.,12.21428571,83,21.9,71,4.8,85,12.1,79,6,84,17,75,7.3,83,16.4,71,16,69,.,.,.,.
Democratic Republic of Congo,COD,0,1,25.39883598,84,43.59722222,61,45.55555556,32,65,56,80,.,50,0,43,0,0,0,0,50,40,100,0,0,100,.,.,.,.,.,50,28,100,100,0,0,50,53,.,50,50,35,29,20,50,10,16,0,20,100,1,100,50,13,.,50,70.83333333,34,76.66666667,30,100,80,50,76.66666667,11,100,80,50,100,1,100,76.66666667,38,100,80,50,100,1,100,100,100,100,100,66.66666667,42,100,0,100,0,44,0,70,9,70,70,33.33333333,72,50,28,100,0,0,39,0,50,41,100,0,0,21,0,100,1,100,100,.,.,.,0,80,0,0,24.66666667,65,0,55,0,80,29,80,80,0,64,0,0,0,100,1,100,.,0,55,0,0,0,0,0,.,.,.,.,0,40,0,0,0,0,0,51,0,.,.,.,32,49,80,80,0,0,0,10,46,0,20,20.385,82,33,59,0,8,0,0,0,0,0,37,0,.,0,29,0,.,75,48,0,100,100,100,90,60,80,100,7.77,33,0,25,0,50,29,100,0,0,25,0,0,0,0,24,0,0,13,0,.,.,.,.,.,.,.,.,.,.,.,.,.,.,.,.,.,.,.,.,.,.,.,.,.,.,.,.,.,.,.,.,.,.,.,12.21428571,83,21.9,71,4.8,85,12.1,79,6,84,17,75,7.3,83,16.4,71,16,69,.,.,.,.
Ecuador,ECU,0,1,53.91035714,32,51.37916667,44,38.25,41,0,64,0,0,0,0,43,0,0,0,0,75,15,100,0,100,100,20,51,20,20,20,12.5,65,50,0,0,0,50,53,0,50,100,50,13,100,0,0,27,0,0,100,1,100,75,9,100,50,66.25,39,93.33333333,6,100,100,80,76.66666667,11,50,100,80,0,53,0,83.33333333,17,50,100,100,80,44,100,100,0,100,100,66.66666667,42,100,0,100,100,1,100,30,46,30,.,45,55,95,18,90,100,20,23,20,50,41,100,0,0,21,0,100,1,100,100,0,13,0,50,24,100,0,56.01666667,31,100,1,100,100,1,100,100,66.66666667,10,100,100,0,50,17,0,100,56,42,0,80,100,0,100,90,27,100,80,25,24,0,100,0,0,12.5,38,50,0,0,0,0,60,0,0,0,0,0,60,19,100,20,58.49,18,60,17,0,8,0,0,0,0,50,21,100,0,50,6,100,0,100,1,100,100,100,100,100,1,100,100,56.98,11,100,1,100,100,1,100,100,66.66666667,10,50,100,50,100,1,100,0,13,0,.,.,.,.,.,.,.,.,.,.,.,.,.,.,.,.,.,.,.,.,.,.,.,.,.,.,.,.,.,.,.,.,.,.,.,51.86190476,42,62.1,37,56,41,21.9,70,26.8,66,51.2,44,70.7,25,74.33333333,16,91,8,65,19,68,18
Egypt,EGY,0,1,38.51031746,60,44.6547619,57,48.16666667,26,70,36,80,80,50,0,43,0,0,0,0,75,15,100,100,0,100,66.66666667,22,100,100,0,75,9,100,100,0,100,50,53,.,.,50,10,49,20,0,0,27,0,.,100,1,100,35,22,20,50,70,36,66.66666667,50,50,100,50,66.66666667,43,50,100,50,100,1,100,66.66666667,49,50,100,50,60,68,100,100,0,100,0,100,1,100,100,100,.,.,.,30,46,30,.,24.28571429,82,45,61,90,0,0,39,0,25,77,50,0,0,21,0,50,63,100,0,0,13,0,50,24,100,0,36.16666667,52,100,1,100,100,1,100,100,66.66666667,10,100,100,0,25,37,0,50,20,45,0,0,0,0,100,50,45,0,100,0,40,0,0,0,0,0,51,0,0,0,0,0,60,0,0,0,0,0,0,63,0,0,30,65,30,62,0,8,0,0,0,0,0,37,0,.,0,29,0,.,100,1,100,100,100,100,50,68,100,0,.,.,.,.,.,.,.,.,.,.,.,.,.,.,.,.,.,.,.,.,.,.,.,.,.,.,.,.,.,.,.,.,.,.,.,.,.,.,.,.,.,.,.,.,.,.,.,.,.,.,.,.,.,.,.,40.87619048,58,32.9,61,32.9,61,42.6,53,58.5,40,59.7,37,14.6,77,44.93333333,39,56,37,26,40,53,27
Equatorial Guinea,GNQ,0,1,21.57943122,85,29.44940476,81,29.33333333,59,0,64,0,0,0,0,43,0,0,0,0,100,1,100,100,100,100,50,30,50,50,50,100,1,100,100,100,100,33.33333333,65,0,50,50,10,49,20,0,0,27,0,0,0,23,0,0,35,0,0,36.25,82,0,83,0,0,0,0,79,0,0,0,0,53,0,60,63,50,80,50,100,1,100,100,100,100,100,100,1,100,.,100,0,44,0,30,46,30,.,45.71428571,52,50,28,50,50,0,39,0,100,1,100,100,0,21,0,100,1,100,100,20,11,20,50,24,100,0,6.5,73,0,55,0,40,54,80,0,0,64,0,0,0,0,54,0,0,0,55,0,0,0,0,0,0,55,0,0,25,24,0,100,0,0,0,51,0,0,0,0,0,60,0,0,0,0,0,0,63,0,0,18.47222222,84,30,62,0,8,0,0,0,0,100,1,100,100,50,6,0,100,0,88,0,0,0,0,0,79,0,0,.,.,.,.,.,.,.,.,.,.,.,.,.,.,.,.,.,.,.,.,6.944444444,31,17,26,0,0,50,25,18,0,0,0,100,0,23,0,0,0,24,0,0,0,0,.,0,31,0,.,0,0,0,25,0,0,0,16.81666667,79,3.6,87,9.7,81,10.9,81,9.7,81,1.2,89,65.8,29,.,.,.,.,.,.,.,.
Eritrea,ERI,1,0,10.26373457,89,15.47453704,88,24.81481481,65,56.66666667,59,100,20,50,.,.,.,.,.,.,50,40,100,0,0,100,16.66666667,54,50,0,0,50,28,0,0,100,100,50,53,0,50,100,0,77,0,0,0,27,.,0,0,23,0,0,35,0,0,20.41666667,86,0,83,0,0,0,0,79,0,0,0,0,53,0,0,79,0,0,0,100,1,100,100,100,100,.,33.33333333,70,0,100,0,0,44,0,30,46,30,.,12.5,87,.,.,.,.,0,39,0,.,.,.,.,0,21,0,0,83,0,.,.,.,.,50,24,100,0,4.166666667,74,0,55,0,0,58,0,0,33.33333333,43,0,100,0,.,.,.,.,0,55,0,0,0,0,0,0,55,0,0,0,40,.,.,.,0,.,.,.,.,.,.,0,60,0,0,0,0,.,0,63,0,0,5,88,5,88,0,8,0,0,0,0,0,37,0,.,0,29,0,.,25,82,100,0,0,0,0,79,0,0,.,.,.,.,.,.,.,.,.,.,.,.,.,.,.,.,.,.,.,.,.,.,.,.,.,.,.,.,.,.,.,.,.,.,.,.,.,.,.,.,.,.,.,.,.,.,.,.,.,.,.,.,.,.,.,10.31666667,87,2.4,88,6,84,2.4,88,8.5,82,10.9,81,31.7,60,.,.,.,.,.,.,.,.
Ethiopia,ETH,1,0,40.30602293,57,45.71759259,56,30,57,50,62,80,20,50,0,43,0,0,0,0,50,40,100,0,0,100,50,30,100,.,0,75,9,0,100,100,100,0,80,0,0,0,75,3,100,50,0,27,0,0,0,23,0,0,35,0,0,75.83333333,23,76.66666667,30,100,80,50,76.66666667,11,100,80,50,50,33,50,76.66666667,38,100,80,50,100,1,100,100,100,100,.,66.66666667,42,100,0,100,100,1,100,60,33,50,70,53.33333333,38,70,23,90,50,0,39,0,100,1,100,100,0,21,0,100,1,100,100,.,.,.,50,24,100,0,23.7037037,66,0,55,0,80,29,80,80,33.33333333,43,0,100,0,35,28,20,50,0,55,.,0,0,0,0,40,50,80,0,25,24,100,0,0,0,0,51,0,0,0,0,.,.,.,.,.,.,.,0,63,0,0,38.31,53,30,62,0,8,0,0,0,0,0,37,0,.,0,29,0,.,50,65,0,100,100,0,100,1,100,100,46.62,21,0,25,0,100,1,100,100,0,25,0,0,0,100,1,100,100,1,100,.,.,.,.,.,.,.,.,.,.,.,.,.,.,.,.,.,.,.,.,.,.,.,.,.,.,.,.,.,.,.,.,.,.,.,36.89047619,63,24.3,68,43.9,52,25.6,67,60.9,37,69.5,28,13.4,78,20.63333333,65,13,72,19,44,31,41
Gabon,GAB,0,1,36.41970899,65,18.20833333,87,17.66666667,75,0,64,0,0,0,0,43,0,0,0,0,50,40,100,0,0,100,33.33333333,43,100,0,0,0,67,0,0,0,0,83.33333333,23,50,100,100,10,49,20,0,0,27,0,.,0,23,0,0,35,0,0,19.16666667,88,0,83,0,0,0,0,79,0,0,0,0,53,0,23.33333333,78,50,0,20,100,1,100,100,100,100,100,0,84,0,0,0,0,44,0,30,46,30,.,25,78,25,63,50,0,0,39,0,50,41,100,0,0,21,0,100,1,100,100,0,13,0,0,80,0,0,11,71,0,55,0,0,58,0,0,0,64,0,0,0,100,1,100,.,0,55,0,0,0,0,0,0,55,0,0,0,40,0,0,0,0,0,51,0,0,0,0,0,60,0,0,0,0,0,10,46,0,20,46.72222222,37,70,9,0,8,0,0,0,0,100,1,100,100,50,6,0,100,100,1,100,100,100,100,100,1,100,100,.,.,.,.,.,.,.,.,.,.,.,.,.,.,.,.,.,.,.,.,23.44444444,25,0,29,0,0,0,0,26,0,0,0,0,50,6,0,100,24,22,0,0,0,20,100,66.66666667,19,100,0,.,100,0,25,0,0,0,44.32857143,51,42.6,53,35.3,59,41.4,54,54.8,43,50,45,79.2,17,7,81,7,79,.,.,.,.
Ghana,GHA,1,0,56.44761905,24,61.48214286,21,62.16666667,8,76.66666667,14,100,80,50,75,17,50,100,50,100,100,1,100,.,100,100,100,1,100,.,100,100,1,100,100,100,100,100,1,100,100,100,60,11,20,100,10,16,0,20,0,23,0,0,35,0,0,71.66666667,30,76.66666667,30,100,80,50,66.66666667,43,50,100,50,50,33,50,93.33333333,11,100,80,100,100,1,100,100,100,100,.,66.66666667,42,100,0,100,50,34,50,70,9,70,70,71.42857143,11,50,28,50,50,50,12,50,100,1,100,100,100,1,100,100,1,100,100,0,13,0,100,1,100,100,40.66666667,44,0,55,0,80,29,80,80,66.66666667,10,0,100,100,50,17,0,100,80,36,100,100,100,0,100,80,33,80,80,0,40,0,0,0,.,0,51,0,0,0,0,0,60,0,0,0,.,0,50,29,0,100,37.425,54,36,50,0,8,0,0,0,0,0,37,0,.,0,29,0,.,80,44,20,100,100,100,100,1,100,100,38.85,23,100,1,100,100,1,100,100,50,18,20,80,50,0,24,0,0,13,0,.,.,.,.,.,.,.,.,.,.,.,.,.,.,.,.,.,.,.,.,.,.,.,.,.,.,.,.,.,.,.,.,.,.,.,70.43571429,16,90.2,8,59.7,37,75.6,22,82.9,14,79.2,18,78,18,27.45,58,24,63,31,36,.,.
Ghana,GHA,0,1,66.84662698,13,65.4375,10,48.66666667,25,83.33333333,8,100,100,50,50,32,50,100,50,0,25,67,0,0,0,100,40,41,100,0,20,0,67,0,0,0,0,83.33333333,23,50,100,100,60,11,20,100,10,16,0,20,100,1,100,35,22,20,50,80.41666667,15,83.33333333,16,100,100,50,83.33333333,4,100,100,50,100,1,100,100,1,100,100,100,90,35,100,100,100,100,50,66.66666667,42,100,0,100,50,34,50,70,9,70,70,57.5,26,50,28,50,50,20,23,20,100,1,100,100,0,21,0,100,1,100,100,.,.,.,75,21,100,50,75.16666667,8,100,1,100,100,1,100,100,66.66666667,10,0,100,100,60,15,20,100,100,1,100,100,100,100,100,100,1,100,100,25,24,0,0,100,0,50,3,100,100,0,0,100,1,100,100,100,100,100,50,29,0,100,64.66666667,12,36,50,0,8,0,0,0,0,0,37,0,.,0,29,0,.,80,44,20,100,100,100,100,1,100,100,.,.,.,.,.,.,.,.,.,.,.,.,.,.,.,.,.,.,.,.,93.33333333,3,100,1,100,100,100,100,1,100,100,100,100,100,1,100,100,60,13,100,0,0,100,100,100,1,100,100,100,100,100,1,100,100,.,70.43571429,16,90.2,8,59.7,37,75.6,22,82.9,14,79.2,18,78,18,27.45,58,24,63,31,36,.,.
Guatemala,GTM,1,0,41.18439153,56,42.13888889,64,30.16666667,55,0,64,0,0,0,50,32,50,100,50,0,50,40,50,0,100,.,100,1,100,.,100,25,47,0,0,0,100,66.66666667,28,0,100,100,0,77,0,0,10,16,0,20,0,23,0,0,35,0,0,71.25,32,60,75,50,80,50,40,77,50,20,50,50,33,50,83.33333333,17,100,100,50,100,1,100,100,.,100,.,66.66666667,42,100,0,100,100,1,100,70,9,70,70,25,78,25,63,50,0,0,39,0,50,41,100,0,0,21,0,50,63,100,0,0,13,0,50,24,100,0,.,.,.,.,.,.,.,.,.,.,.,.,.,.,.,.,.,.,.,.,.,.,.,.,.,.,.,.,.,.,.,.,.,.,.,.,.,.,.,.,.,.,.,.,.,.,.,.,.,.,.,.,35,55,35,52,0,8,0,0,0,0,0,37,0,.,0,29,0,.,75,48,0,100,100,100,100,1,100,100,.,.,.,.,.,.,.,.,.,.,.,.,.,.,.,.,.,.,.,.,.,.,.,.,.,.,.,.,.,.,.,.,.,.,.,.,.,.,.,.,.,.,.,.,.,.,.,.,.,.,.,.,.,.,.,46.41428571,48,56,42,37.8,57,70.7,27,29.2,64,45.1,49,43.9,49,42.2,43,20,66,.,.,64,21
Guinea,GIN,1,0,38.01634921,63,53.20833333,40,62.41666667,6,76.66666667,14,80,100,50,50,32,50,100,50,0,87.5,12,50,100,100,100,50,30,0,50,100,75,9,0,100,100,100,50,53,0,100,50,75,3,100,50,10,16,0,20,100,1,100,50,13,50,50,59.58333333,56,66.66666667,50,50,100,50,0,79,0,0,0,100,1,100,93.33333333,11,100,80,100,80,44,100,100,100,100,0,66.66666667,42,100,0,100,0,44,0,70,9,70,70,53.33333333,38,50,28,100,0,20,23,20,50,41,100,0,0,21,0,100,1,100,100,.,.,.,100,1,100,100,37.5,50,0,55,0,50,44,0,100,33.33333333,43,0,100,0,100,1,100,.,100,1,100,100,100,100,100,0,55,0,0,16.66666667,37,0,0,.,50,25,16,50,50,0,0,40,41,100,100,0,0,0,10,46,0,20,24.155,78,25,78,0,8,0,0,0,0,0,37,0,.,0,29,0,.,25,82,0,100,0,0,100,1,100,100,23.31,32,100,1,100,50,29,100,0,0,25,0,0,0,0,24,0,0,13,0,.,.,.,.,.,.,.,.,.,.,.,.,.,.,.,.,.,.,.,.,.,.,.,.,.,.,.,.,.,.,.,.,.,.,.,36.68571429,64,45.1,51,20.7,71,36.5,58,18.2,73,29.2,65,57.3,36,49.8,34,66,26,.,.,34,37
India,IND,0,1,69.8808642,9,74.75925926,2,39.08333333,40,76.66666667,14,80,100,50,100,1,100,100,100,100,37.5,62,50,0,0,100,100,1,100,100,100,0,67,0,0,0,0,66.66666667,28,0,100,100,10,49,20,0,0,27,0,.,0,23,0,0,35,0,0,82.91666667,10,93.33333333,6,100,100,80,66.66666667,43,50,100,50,100,1,100,83.33333333,17,50,100,100,90,35,100,100,100,100,50,100,1,100,100,100,100,1,100,30,46,30,.,90,2,90,19,90,90,50,12,50,100,1,100,100,100,1,100,100,1,100,100,.,.,.,100,1,100,100,87.03703704,2,100,1,100,100,1,100,100,100,1,100,100,100,50,17,0,100,100,1,100,100,100,100,100,100,1,100,100,33.33333333,20,0,100,0,.,.,.,.,.,.,.,100,1,100,100,100,100,100,100,1,100,100,65.65,11,79.5,4,47.5,7,100,0,90,0,100,1,100,100,50,6,0,100,100,1,100,100,100,100,100,1,100,100,51.8,17,0,25,0,100,1,100,100,33.33333333,22,0,0,100,100,1,100,100,1,100,.,.,.,.,.,.,.,.,.,.,.,.,.,.,.,.,.,.,.,.,.,.,.,.,.,.,.,.,.,.,.,.,.,.,.,69.23333333,18,86.5,12,78,19,59.7,38,78,20,71.9,26,28,64,82.53333333,11,87,10,76,13,85,9
Indonesia,IDN,1,0,68.34013889,11,64.26041667,14,36.83333333,43,76.66666667,14,80,100,50,0,43,0,0,0,0,75,15,100,0,100,100,0,61,0,0,0,75,9,0,100,100,100,66.66666667,28,0,100,100,75,3,100,50,0,27,0,0,0,23,0,0,35,0,0,83.95833333,8,66.66666667,50,50,100,50,60,65,50,80,50,100,1,100,100,1,100,100,100,75,54,100,100,0,100,.,100,1,100,100,100,100,1,100,70,9,70,70,58.33333333,23,100,1,100,100,0,39,0,100,1,100,100,0,21,0,100,1,.,100,.,.,.,50,24,100,0,77.91666667,6,100,1,100,100,1,100,100,66.66666667,10,100,100,0,50,17,0,100,100,1,100,100,100,100,100,100,1,100,100,25,24,0,100,0,0,37.5,6,50,50,0,50,100,1,100,100,100,100,100,100,1,100,100,76.26,6,80,2,0,8,0,0,0,0,100,1,100,100,100,1,100,100,100,1,100,100,100,100,100,1,100,100,72.52,3,100,1,100,100,1,100,100,66.66666667,10,100,100,0,100,1,100,100,1,100,.,.,.,.,.,.,.,.,.,.,.,.,.,.,.,.,.,.,.,.,.,.,.,.,.,.,.,.,.,.,.,.,.,.,.,64.5,27,78,20,62.1,34,69.5,28,63.4,33,63.4,33,46.3,46,68.8,22,60,30,69,16,78,12
Indonesia,IDN,0,1,68.32972222,12,64.22916667,15,40.58333333,37,76.66666667,14,80,100,50,0,43,0,0,0,0,62.5,36,0,100,50,100,83.33333333,17,50,100,100,25,47,0,0,100,0,83.33333333,23,50,100,100,75,3,100,50,0,27,0,0,0,23,0,0,35,0,0,90,3,83.33333333,16,100,100,50,66.66666667,43,50,100,50,100,1,100,100,1,100,100,100,100,1,100,.,100,100,100,100,1,100,100,100,100,1,100,70,9,70,70,60,21,100,1,100,100,0,39,0,100,1,100,100,.,.,.,50,63,0,100,.,.,.,50,24,100,0,66.33333333,16,100,1,100,100,1,100,100,33.33333333,43,0,100,0,25,37,0,50,100,1,100,100,100,100,100,100,1,100,100,0,40,0,0,0,0,25,16,50,50,0,0,80,8,100,100,100,100,0,100,1,100,100,76.26,6,80,2,0,8,0,0,0,0,100,1,100,100,100,1,100,100,100,1,100,100,100,100,100,1,100,100,72.52,3,100,1,100,100,1,100,100,66.66666667,10,100,100,0,100,1,100,100,1,100,.,.,.,.,.,.,.,.,.,.,.,.,.,.,.,.,.,.,.,.,.,.,.,.,.,.,.,.,.,.,.,.,.,.,.,64.5,27,78,20,62.1,34,69.5,28,63.4,33,63.4,33,46.3,46,68.8,22,60,30,69,16,78,12
Iran,IRN,0,1,38.09861111,62,35.53472222,74,34.72222222,48,70,36,80,80,50,0,43,0,0,0,0,62.5,36,50,100,100,0,.,.,.,.,.,100,1,100,100,100,100,10,77,.,20,0,50,13,100,0,20,14,20,20,0,23,0,0,35,.,0,45.41666667,76,60,75,50,80,50,66.66666667,43,50,100,50,0,53,0,56.66666667,65,50,100,20,100,1,100,.,.,100,.,50,66,100,.,0,0,44,0,30,46,30,.,40,63,50,28,100,0,.,.,.,50,41,100,0,.,.,.,50,63,100,0,0,13,0,50,24,100,0,22,67,100,1,100,0,58,0,0,0,64,0,0,0,0,54,0,0,0,55,0,0,0,0,0,0,55,0,0,0,40,.,.,.,0,0,51,0,0,0,0,20,55,0,0,0,100,0,100,1,100,100,44.86111111,38,20,82,0,8,0,0,0,0,0,37,0,.,0,29,0,.,100,1,100,100,100,100,0,79,0,0,.,.,.,.,.,.,.,.,.,.,.,.,.,.,.,.,.,.,.,.,69.72222222,9,67,11,0,100,100,75,10,100,100,0,100,100,1,100,100,75,12,100,100,0,100,.,75,15,100,100,100,0,27,21,80,0,0,33.9,68,10.9,81,63.4,33,13.4,78,31.7,62,54.8,41,29.2,63,.,.,.,.,.,.,.,.
Iraq,IRQ,0,1,38.22184524,61,51.90625,42,35.33333333,47,76.66666667,14,80,100,50,0,43,0,0,0,0,37.5,62,50,0,0,100,56.66666667,28,100,50,20,37.5,45,50,50,50,0,100,1,100,100,100,10,49,20,0,0,27,0,0,0,23,0,35,22,20,50,73.125,26,66.66666667,50,50,100,50,66.66666667,43,50,100,50,50,33,50,66.66666667,49,100,80,20,83.33333333,42,100,.,50,100,.,66.66666667,42,100,0,100,100,1,100,85,1,70,100,33.33333333,72,25,63,50,0,50,12,50,50,41,100,0,.,.,.,50,63,100,0,0,13,0,25,79,50,0,65.83333333,18,100,1,100,.,.,.,.,33.33333333,43,0,100,0,.,.,.,.,0,55,0,.,.,.,.,90,27,100,80,87.5,3,100,100,100,50,50,3,50,50,50,50,.,.,.,.,.,.,.,100,1,100,.,47.195,35,40,33,0,8,0,0,0,0,0,37,0,.,0,29,0,.,100,1,100,100,100,100,100,1,100,100,54.39,14,100,1,100,100,1,100,100,100,1,100,100,.,50,22,50,0,13,0,.,.,.,.,.,.,.,.,.,.,.,.,.,.,.,.,.,.,.,.,.,.,.,.,.,.,.,.,.,.,.,.,.,.,.,15.56428571,81,25.6,67,14.6,77,17,74,7.3,83,8.5,83,4.8,86,31.15,54,35,48,.,.,27,43
Kazakhstan,KAZ,0,1,56.00641534,25,53.32440476,39,29.5,58,70,36,80,80,50,0,43,0,0,0,0,25,67,0,0,100,0,33.33333333,43,0,0,100,75,9,0,100,100,100,66.66666667,28,0,100,100,25,46,0,50,0,27,.,0,0,23,0,0,35,0,0,65,42,66.66666667,50,50,100,50,76.66666667,11,50,100,80,50,33,50,83.33333333,17,100,100,50,75,54,100,100,0,100,.,83.33333333,37,100,100,50,0,44,0,85,1,70,100,55.71428571,34,70,23,50,90,20,23,20,50,41,100,0,0,21,0,100,1,100,100,100,1,100,50,24,100,0,63.08333333,25,100,1,100,100,1,100,100,33.33333333,43,50,50,0,0,54,0,0,100,1,100,100,100,100,100,100,1,100,100,12.5,38,0,0,0,50,25,16,50,50,0,0,60,21,100,100,0,100,0,100,1,100,100,53.68055556,27,40,33,0,8,0,0,0,0,0,37,0,.,0,29,0,.,100,1,100,100,100,100,100,1,100,100,.,.,.,.,.,.,.,.,.,.,.,.,.,.,.,.,.,.,.,.,67.36111111,11,67,11,100,100,0,75,10,100,100,100,0,50,6,50,50,100,1,100,100,100,100,.,62.5,23,100,100,50,0,50,14,100,.,0,61.01428571,32,30.4,63,70.7,26,76.8,21,65.8,31,41.4,54,71.9,24,70.1,19,82,15,52,26,76,14
Kuwait,KWT,0,1,53.85046296,33,43.88869048,59,20,72,70,36,80,80,50,0,43,0,0,0,0,.,.,.,.,.,.,.,.,.,.,.,.,.,.,.,.,.,.,.,.,.,.,50,13,100,0,0,27,.,0,0,23,0,0,35,0,0,72.38095238,28,66.66666667,50,50,100,50,76.66666667,11,50,100,80,.,.,.,83.33333333,17,50,100,100,50,74,100,.,.,0,.,100,1,.,.,100,100,1,100,30,46,30,.,17.85714286,85,50,28,100,0,0,39,0,25,77,50,0,0,21,0,0,83,0,0,0,13,0,50,24,100,0,65.31666667,19,100,1,100,90,24,100,80,66.66666667,10,0,100,100,10,50,20,0,96,27,100,80,100,100,100,40,50,80,0,50,12,0,100,100,0,12.5,38,0,50,0,0,88,7,100,80,80,100,80,100,1,100,100,50.55555556,33,40,33,0,8,0,0,0,0,0,37,0,.,0,29,0,.,100,1,100,100,100,100,100,1,100,100,.,.,.,.,.,.,.,.,.,.,.,.,.,.,.,.,.,.,.,.,61.11111111,14,100,1,100,100,100,50,16,0,0,100,100,25,17,0,50,25,18,0,0,0,100,.,100,1,100,.,100,100,67,10,0,100,100,67.10714286,22,48.7,48,73.1,23,73.1,25,80.4,17,78,20,68.2,27,48.25,36,58,35,.,.,39,34
Kyrgyzstan,KGZ,1,0,50.70910714,38,57.36875,33,62.41666667,6,76.66666667,14,100,80,50,87.5,9,100,100,50,100,75,15,0,100,100,100,100,1,100,100,100,25,47,0,0,0,100,100,1,100,100,100,75,3,100,50,50,3,100,0,0,23,0,35,22,20,50,79.79166667,16,76.66666667,30,50,100,80,66.66666667,43,50,100,50,50,33,50,100,1,100,100,100,75,54,100,100,0,100,.,100,1,100,100,100,100,1,100,70,9,70,70,37.5,65,25,63,50,0,0,39,0,50,41,100,0,.,.,.,100,1,100,100,0,13,0,50,24,100,0,49.76666667,37,100,1,100,50,44,0,100,66.66666667,10,100,100,0,60,15,20,100,100,1,100,100,100,100,100,40,50,80,0,25,24,0,0,0,100,0,51,0,0,0,0,56,32,100,80,0,100,0,0,63,0,.,51.08,30,40,33,0,8,0,0,0,0,0,37,0,.,0,29,0,.,100,1,100,100,100,100,100,1,100,100,62.16,8,100,1,100,100,1,100,100,0,25,0,0,0,100,1,100,100,1,100,.,.,.,.,.,.,.,.,.,.,.,.,.,.,.,.,.,.,.,.,.,.,.,.,.,.,.,.,.,.,.,.,.,.,.,43.67857143,52,52.4,45,29.2,64,56,42,28,65,21.9,71,32.9,59,85.35,9,89,9,.,.,81,11
Laos,LAO,1,0,37.55820106,64,41.53174603,65,16.5,79,0,64,0,0,0,5,42,0,20,0,0,50,40,100,0,50,.,0,61,.,0,.,50,28,0,100,0,100,50,53,50,100,0,10,49,20,0,0,27,0,.,0,23,0,0,35,0,0,48.0952381,72,66.66666667,50,50,100,50,66.66666667,43,50,100,50,0,53,0,56.66666667,65,50,100,20,50,74,100,0,0,100,.,66.66666667,42,100,0,100,.,.,.,30,46,30,.,60,21,100,1,100,100,20,23,20,100,1,100,100,0,21,0,100,1,100,100,0,13,0,100,1,100,100,.,.,.,.,.,.,.,.,.,.,.,.,.,.,.,.,.,.,.,.,.,.,.,.,.,.,.,.,.,.,.,.,.,.,.,.,.,.,.,.,.,.,.,.,.,.,.,.,.,.,.,.,30,65,30,62,0,8,0,0,0,0,0,37,0,.,0,29,0,.,50,65,0,0,100,100,100,1,100,100,.,.,.,.,.,.,.,.,.,.,.,.,.,.,.,.,.,.,.,.,.,.,.,.,.,.,.,.,.,.,.,.,.,.,.,.,.,.,.,.,.,.,.,.,.,.,.,.,.,.,.,.,.,.,.,41.14285714,57,8.5,83,53.6,43,40.2,55,45.1,51,35.3,59,85.3,12,20,66,20,66,.,.,.,.
Liberia,LBR,1,0,43.5276455,52,59.09722222,28,49.58333333,23,70,36,80,80,50,62.5,28,50,100,50,50,100,1,100,100,100,.,0,61,0,.,0,50,28,0,100,0,100,33.33333333,65,0,100,0,35,29,20,50,10,16,0,20,100,1,100,35,22,20,50,71.04166667,33,66.66666667,50,50,100,50,66.66666667,43,50,100,50,100,1,100,83.33333333,17,100,100,50,100,1,100,100,.,100,.,66.66666667,42,100,0,100,0,44,0,85,1,70,100,56.66666667,31,70,23,90,50,20,23,20,100,1,100,100,0,21,0,100,1,100,100,.,.,.,50,24,100,0,.,.,.,.,.,.,.,.,.,.,.,.,.,.,.,.,.,.,.,.,.,.,.,.,.,.,.,.,.,.,.,.,.,.,.,.,.,.,.,.,.,.,.,.,.,.,.,.,.,.,.,.,30,65,30,62,0,8,0,0,0,0,0,37,0,.,0,29,0,.,50,65,0,100,0,100,100,1,100,100,.,.,.,.,.,.,.,.,.,.,.,.,.,.,.,.,.,.,.,.,.,.,.,.,.,.,.,.,.,.,.,.,.,.,.,.,.,.,.,.,.,.,.,.,.,.,.,.,.,.,.,.,.,.,.,41.48571429,56,63.4,36,10.9,80,34.1,60,36.5,58,53.6,42,39,53,52.9,32,53,38,.,.,.,.
Libya,LBY,0,1,17.87546296,87,26.8327381,84,6.666666667,87,0,64,0,0,0,0,43,0,0,0,0,50,40,100,0,0,100,6.666666667,59,20,0,0,0,67,0,0,0,0,0,80,0,0,0,10,49,20,0,0,27,0,0,0,23,0,0,35,.,0,57.91666667,60,66.66666667,50,50,100,50,66.66666667,43,50,100,50,0,53,0,0,79,0,0,0,100,1,100,100,100,.,100,100,1,100,.,100,100,1,100,30,46,30,.,10.71428571,88,25,63,50,0,0,39,0,0,82,.,0,0,21,0,0,83,0,0,0,13,0,50,24,100,0,32.03333333,58,100,1,100,50,44,100,0,33.33333333,43,0,100,0,10,50,20,0,20,45,100,0,0,0,0,0,55,0,0,25,24,0,0,100,0,0,51,0,0,0,0,32,49,80,0,0,80,0,50,29,0,100,20.47222222,81,9,87,0,8,0,0,0,0,0,37,0,.,0,29,0,.,45,81,80,0,100,0,0,79,0,0,.,.,.,.,.,.,.,.,.,.,.,.,.,.,.,.,.,.,.,.,31.94444444,22,67,11,100,100,0,25,18,0,0,100,0,0,23,0,0,0,24,0,0,0,0,.,66.66666667,19,100,.,100,0,33,15,0,100,0,6.321428571,88,17,76,2.4,88,1.2,89,3.6,87,3.6,87,6,85,10.45,78,2,83,.,.,19,48
Madagascar,MDG,1,0,35.90099206,68,35.52083333,75,7,86,0,64,0,0,0,0,43,0,0,0,0,0,78,0,.,0,0,0,61,0,.,0,25,47,0,0,100,0,0,80,0,0,.,35,29,20,50,10,16,0,20,0,23,0,0,35,0,0,61.25,51,76.66666667,30,100,80,50,76.66666667,11,100,80,50,50,33,50,93.33333333,11,100,80,100,100,1,100,100,.,100,.,33.33333333,70,100,0,0,0,44,0,60,33,50,70,37.5,65,25,63,50,0,0,39,0,50,41,100,0,0,21,0,100,1,100,100,.,.,.,50,24,100,0,36.33333333,51,100,1,100,80,29,80,80,33.33333333,43,0,100,0,35,28,20,50,0,55,0,0,0,0,0,80,33,80,80,0,40,0,0,.,.,25,16,50,50,0,0,0,60,0,0,0,0,0,10,46,0,20,34.425,62,30,62,0,8,0,0,0,0,0,37,0,.,0,29,0,.,50,65,0,100,100,0,100,1,100,100,38.85,23,100,1,100,100,1,100,100,50,18,20,80,50,0,24,0,0,13,0,.,.,.,.,.,.,.,.,.,.,.,.,.,.,.,.,.,.,.,.,.,.,.,.,.,.,.,.,.,.,.,.,.,.,.,37.75714286,62,57.3,41,13.4,78,43.9,52,48.7,48,40.2,55,59.7,34,1.1,85,1,84,.,.,.,.
Malaysia,MYS,0,1,55.50597884,27,48.75595238,51,21.33333333,71,80,11,80,80,80,0,43,0,0,0,0,0,78,0,0,0,0,83.33333333,17,100,50,100,0,67,0,0,0,0,50,53,0,100,50,0,77,0,0,0,27,0,0,0,23,0,0,35,0,0,60.83333333,53,70,48,50,80,80,76.66666667,11,50,100,80,0,53,0,66.66666667,49,50,100,50,60,68,100,100,0,50,50,83.33333333,37,100,50,100,100,1,100,30,46,30,.,47.85714286,48,35,62,50,20,100,1,100,50,41,50,50,100,1,100,0,83,0,0,0,13,0,50,24,100,0,65,20,100,1,100,100,1,100,100,0,64,0,0,0,25,37,0,50,100,1,100,100,100,100,100,100,1,100,100,0,40,0,0,0,.,25,16,50,50,0,0,100,1,100,100,100,100,100,100,1,100,100,40.75722222,46,56,21,0,8,0,0,0,0,40,31,80,0,50,6,100,0,100,1,100,100,100,100,90,60,80,100,24.605,31,0,25,0,75,27,50,100,83.33333333,8,50,100,100,0,24,0,0,13,0,41.66666667,18,0,29,0,0,0,0,26,0,0,0,0,50,6,0,100,33.33333333,17,0,0,.,.,100,100,1,100,.,100,100,67,10,0,100,100,77.0047619,10,58.5,40,89,9,89,9,87.8,10,87.8,10,81.7,15,45.23333333,38,53,38,57,23,25,44
Mali,MLI,1,0,53.30873016,35,48.25,54,30.16666667,55,0,64,0,0,0,50,32,50,100,50,0,50,40,0,.,100,.,50,30,0,.,100,0,67,0,0,0,0,66.66666667,28,0,100,100,35,29,20,50,0,27,0,0,0,23,0,50,13,50,50,64.58333333,44,76.66666667,30,100,80,50,76.66666667,11,100,80,50,50,33,50,93.33333333,11,100,80,100,100,1,100,100,100,100,.,50,66,100,50,0,0,44,0,70,9,70,70,50,41,50,28,100,0,0,39,0,50,41,100,0,0,21,0,100,1,100,100,.,.,.,100,1,100,100,.,.,.,.,.,.,.,.,.,.,.,.,.,.,.,.,.,.,.,.,.,.,.,.,.,.,.,.,.,.,.,.,.,.,.,.,.,.,.,.,.,.,.,.,.,.,.,.,.,.,.,.,70,8,70,9,0,8,0,0,0,0,100,1,100,100,50,6,0,100,100,1,100,100,100,100,100,1,100,100,.,.,.,.,.,.,.,.,.,.,.,.,.,.,.,.,.,.,.,.,.,.,.,.,.,.,.,.,.,.,.,.,.,.,.,.,.,.,.,.,.,.,.,.,.,.,.,.,.,.,.,.,.,.,.,41.67619048,54,65.8,34,28,65,47.5,49,43.9,52,52.4,43,12.1,79,42.03333333,44,73,21,9,49,44,32
Mauritania,MRT,1,0,28.83472222,82,40.50416667,66,26,64,76.66666667,14,80,100,50,25,41,50,50,0,0,50,40,100,0,0,100,16.66666667,54,50,0,0,25,47,0,0,0,100,66.66666667,28,0,100,100,0,77,0,0,0,27,0,0,0,23,0,0,35,0,0,52.91666667,66,60,75,50,80,50,60,65,50,80,50,50,33,50,83.33333333,17,100,100,50,100,1,100,100,100,100,.,0,84,.,0,0,0,44,0,70,9,70,70,45,55,25,63,50,0,0,39,0,50,41,100,0,.,.,.,100,1,100,100,.,.,.,50,24,100,0,38.1,49,50,49,50,80,29,80,80,0,64,0,0,0,50,17,0,100,84,35,100,20,100,100,100,80,33,80,80,0,40,0,0,0,.,25,16,50,50,0,0,12,58,20,20,0,20,0,0,63,0,0,10,87,10,85,0,8,0,0,0,0,0,37,0,.,0,29,0,.,50,65,0,100,100,0,0,79,0,0,.,.,.,.,.,.,.,.,.,.,.,.,.,.,.,.,.,.,.,.,.,.,.,.,.,.,.,.,.,.,.,.,.,.,.,.,.,.,.,.,.,.,.,.,.,.,.,.,.,.,.,.,.,.,.,36,65,43.9,52,23.1,69,37.8,57,40.2,55,30.4,64,41.4,51,35.2,47,35,48,.,.,.,.
Mexico,MEX,1,0,59.85537037,19,61.90873016,20,51.91666667,20,80,11,80,80,80,87.5,9,50,100,100,100,66.66666667,32,100,0,100,.,33.33333333,43,100,0,0,75,9,0,100,100,100,66.66666667,28,0,100,100,10,49,20,0,0,27,0,0,100,1,100,0,35,0,0,76.66666667,20,66.66666667,50,50,100,50,60,65,50,80,50,100,1,100,56.66666667,65,50,100,20,100,1,100,100,.,100,.,100,1,100,100,100,100,1,100,30,46,30,.,57.14285714,27,50,28,50,50,50,12,50,100,1,100,100,100,1,100,50,63,100,0,0,13,0,50,24,100,0,.,.,.,.,.,.,.,.,.,.,.,.,.,.,.,.,.,.,.,.,.,.,.,.,.,.,.,.,.,.,.,.,.,.,.,.,.,.,.,.,.,.,.,.,.,.,.,.,.,.,.,.,52.605,28,56,21,0,8,0,0,0,0,50,21,100,0,50,6,0,100,80,44,20,100,100,100,100,1,100,100,49.21,19,100,1,100,50,29,100,0,66.66666667,10,100,100,0,100,1,100,0,13,0,.,.,.,.,.,.,.,.,.,.,.,.,.,.,.,.,.,.,.,.,.,.,.,.,.,.,.,.,.,.,.,.,.,.,.,65.05238095,25,69.5,29,81.7,15,81.7,16,59.7,38,42.6,52,30.4,61,89.76666667,7,94,4,89,5,86,7
Mexico,MEX,0,1,61.07428571,17,64.35714286,13,55.75,16,93.33333333,1,100,100,80,75,17,50,100,50,100,62.5,36,100,0,50,100,66.66666667,22,100,0,100,50,28,0,100,0,100,100,1,100,100,100,10,49,20,0,0,27,0,0,0,23,0,100,1,100,100,81.25,12,76.66666667,30,50,100,80,76.66666667,11,50,100,80,100,1,100,66.66666667,49,50,100,50,100,1,100,100,100,100,100,100,1,100,100,100,100,1,100,30,46,30,.,46.42857143,49,75,20,100,50,0,39,0,100,1,100,100,50,19,50,50,63,100,0,0,13,0,50,24,100,0,74,10,100,1,100,100,1,100,100,100,1,100,100,100,50,17,0,100,100,1,100,100,100,100,100,100,1,100,100,37.5,19,0,100,0,50,12.5,38,0,50,0,0,80,8,100,100,0,100,100,60,19,100,20,53.81333333,26,75,7,95,1,100,100,80,100,50,21,100,0,50,6,0,100,80,44,20,100,100,100,100,1,100,100,41.44,22,0,25,0,100,1,100,100,66.66666667,10,100,100,0,100,1,100,0,13,0,45,17,67,11,100,0,100,100,1,100,100,100,100,.,.,.,.,0,24,.,.,.,0,.,25,28,100,0,0,0,33,15,100,0,0,65.05238095,25,69.5,29,81.7,15,81.7,16,59.7,38,42.6,52,30.4,61,89.76666667,7,94,4,89,5,86,7
Mongolia,MNG,1,0,63.61195106,15,63.34196429,17,61.41666667,9,76.66666667,14,80,100,50,75,17,50,100,100,50,87.5,12,100,50,100,100,83.33333333,17,50,100,100,50,28,0,0,100,100,66.66666667,28,0,100,100,75,3,100,50,50,3,100,0,0,23,0,50,13,50,50,84.79166667,6,66.66666667,50,50,100,50,76.66666667,11,50,100,80,50,33,50,100,1,100,100,100,100,1,100,100,100,100,.,100,1,100,100,100,100,1,100,85,1,70,100,67.14285714,13,50,28,50,50,20,23,20,100,1,100,100,0,21,0,100,1,100,100,100,1,100,100,1,100,100,40.01666667,46,100,1,100,100,1,100,100,66.66666667,10,100,100,0,35,28,20,50,20,45,100,0,0,0,0,0,55,0,0,0,40,0,0,0,0,12.5,38,0,50,0,0,56,32,100,80,0,100,0,10,46,0,20,54.49388889,22,48,29,0,8,0,0,0,0,50,21,100,0,0,29,0,0,100,1,100,100,100,100,90,60,80,100,73.815,2,100,1,100,75,27,50,100,100,1,100,100,100,100,1,100,100,1,100,41.66666667,18,100,1,100,100,100,25,18,0,0,0,100,50,6,0,100,0,24,0,0,0,.,.,75,15,100,100,100,0,0,25,0,.,0,73,13,82.9,15,57.3,40,63.4,34,64.6,32,62.1,35,89,9,91.7,6,92,6,.,.,.,.
Morocco,MAR,1,0,51.70993166,37,56.03455688,35,27.03703704,63,75,35,100,.,50,.,.,.,.,.,.,75,15,100,100,100,0,66.66666667,22,100,0,100,0,67,0,0,0,0,16.66666667,74,0,0,50,10,49,20,0,0,27,0,0,0,23,0,0,35,0,0,61.04166667,52,66.66666667,50,50,100,50,66.66666667,43,50,100,50,100,1,100,0,79,0,0,0,75,54,100,0,100,100,.,100,1,100,100,100,50,34,50,30,46,30,.,57.14285714,27,50,28,50,50,50,12,50,100,1,100,100,100,1,100,50,63,100,0,0,13,0,50,24,100,0,78.91666667,5,100,1,100,100,1,100,100,66.66666667,10,100,100,0,100,1,100,.,100,1,100,100,100,100,100,90,27,80,100,100,1,100,100,.,.,12.5,38,50,0,0,0,60,21,100,100,0,100,0,60,19,100,20,35,55,35,52,0,8,0,0,0,0,0,37,0,.,0,29,0,.,75,48,100,100,100,0,100,1,100,100,.,.,.,.,.,.,.,.,.,.,.,.,.,.,.,.,.,.,.,.,.,.,.,.,.,.,.,.,.,.,.,.,.,.,.,.,.,.,.,.,.,.,.,.,.,.,.,.,.,.,.,.,.,.,.,64.0952381,29,47.5,49,69.5,27,71.9,26,76.8,21,76.8,21,62.1,32,44.06666667,41,27,60,43,31,63,22
Mozambique,MOZ,0,1,50.20503968,41,65.69583333,9,71.5,1,70,36,80,80,50,75,17,50,100,100,50,100,1,100,100,100,100,100,1,100,.,100,50,28,0,100,0,100,100,1,100,100,100,35,29,20,50,10,16,0,20,100,1,100,75,9,100,50,76.25,22,66.66666667,50,50,100,50,60,65,50,80,50,100,1,100,83.33333333,17,100,100,50,80,44,100,100,0,100,100,100,1,100,100,100,50,34,50,70,9,70,70,61.66666667,20,50,28,50,50,20,23,20,100,1,100,100,0,21,0,100,1,100,100,.,.,.,100,1,100,100,53.36666667,34,0,55,0,90,24,100,80,66.66666667,10,100,100,0,25,37,0,50,96,27,100,80,100,100,100,50,45,0,100,75,4,100,100,100,0,25,16,0,50,0,50,56,32,100,100,0,80,0,50,29,0,100,42.105,44,35,52,0,8,0,0,0,0,0,37,0,.,0,29,0,.,75,48,0,100,100,100,100,1,100,100,49.21,19,50,24,50,100,1,100,100,66.66666667,10,100,100,0,100,1,100,0,13,0,.,.,.,.,.,.,.,.,.,.,.,.,.,.,.,.,.,.,.,.,.,.,.,.,.,.,.,.,.,.,.,.,.,.,.,42.81428571,53,60.9,38,34.1,60,53.6,44,37.8,57,37.8,57,50,43,25.5,61,27,60,24,41,.,.
Myanmar,MMR,1,0,27.44722222,83,32.99404762,76,4.333333333,88,0,64,0,0,0,0,43,0,0,0,0,0,78,0,0,0,0,0,61,0,0,0,0,67,0,0,0,0,33.33333333,65,0,50,50,10,49,20,0,0,27,0,0,0,23,0,0,35,0,0,54.16666667,65,76.66666667,30,50,100,80,76.66666667,11,50,100,80,0,53,0,76.66666667,38,100,80,50,60,68,100,100,0,0,100,33.33333333,70,0,0,100,50,34,50,60,33,50,70,57.14285714,27,100,1,100,100,0,39,0,100,1,100,100,0,21,0,100,1,100,100,0,13,0,100,1,100,100,16.33333333,68,50,49,50,80,29,80,80,33.33333333,43,0,100,0,0,54,0,0,0,55,0,0,0,0,0,0,55,0,0,0,40,0,0,0,0,0,51,0,0,0,0,0,60,0,0,0,.,.,0,63,0,0,30,65,30,62,0,8,0,0,0,0,0,37,0,.,0,29,0,.,50,65,0,100,100,0,100,1,100,100,.,.,.,.,.,.,.,.,.,.,.,.,.,.,.,.,.,.,.,.,.,.,.,.,.,.,.,.,.,.,.,.,.,.,.,.,.,.,.,.,.,.,.,.,.,.,.,.,.,.,.,.,.,.,.,19.34761905,76,23.1,69,17,74,14.6,76,14.6,76,31.7,62,15.8,75,18.63333333,69,35,48,6,50,15,49
Myanmar,MMR,0,1,31.00376984,77,43.66369048,60,24,67,70,36,80,80,50,50,32,50,100,50,0,0,78,0,0,0,0,0,61,0,0,0,0,67,0,0,0,0,100,1,100,100,100,10,49,20,0,10,16,0,20,0,23,0,0,35,0,0,62.08333333,49,76.66666667,30,50,100,80,70,41,50,80,80,50,33,50,76.66666667,38,100,80,50,80,44,100,100,100,0,100,33.33333333,70,0,0,100,50,34,50,60,33,50,70,53.57142857,36,100,1,100,100,0,39,0,100,1,100,100,0,21,0,100,1,100,100,0,13,0,75,21,100,50,35,56,50,49,50,80,29,80,80,33.33333333,43,0,100,0,25,37,0,50,20,45,100,0,0,0,0,90,27,100,80,0,40,0,0,0,0,25,16,50,50,0,0,26.66666667,53,80,0,0,.,.,0,63,0,0,30,65,30,62,0,8,0,0,0,0,0,37,0,.,0,29,0,.,50,65,0,100,100,0,100,1,100,100,.,.,.,.,.,.,.,.,.,.,.,.,.,.,.,.,.,.,.,.,.,.,.,.,.,.,.,.,.,.,.,.,.,.,.,.,.,.,.,.,.,.,.,.,.,.,.,.,.,.,.,.,.,.,.,19.34761905,76,23.1,69,17,74,14.6,76,14.6,76,31.7,62,15.8,75,18.63333333,69,35,48,6,50,15,49
Niger,NER,1,0,53.98519841,31,55.15416667,37,40.83333333,36,0,64,0,0,0,35,39,20,20,50,50,50,40,0,100,0,100,56.66666667,28,50,100,20,50,28,0,100,100,0,66.66666667,28,0,100,100,50,13,100,0,0,27,0,0,100,1,100,0,35,0,0,77.91666667,17,76.66666667,30,100,80,50,76.66666667,11,100,80,50,100,1,100,100,1,100,100,100,50,74,100,100,0,0,.,100,1,100,100,100,50,34,50,70,9,70,70,66.66666667,14,100,1,100,100,50,12,50,0,82,0,.,100,1,100,100,1,.,100,.,.,.,50,24,100,0,35.2,54,100,1,100,80,29,80,80,50,39,50,100,0,0,54,0,0,0,55,0,0,0,0,0,40,50,0,80,25,24,0,0,0,100,25,16,50,50,0,0,32,49,80,80,0,0,0,0,63,0,0,60.08,15,58,19,0,8,0,0,0,0,100,1,100,100,50,6,0,100,50,65,100,100,0,0,90,60,80,100,62.16,8,100,1,100,100,1,100,100,0,25,0,0,0,100,1,100,100,1,100,.,.,.,.,.,.,.,.,.,.,.,.,.,.,.,.,.,.,.,.,.,.,.,.,.,.,.,.,.,.,.,.,.,.,.,46.72142857,47,64.6,35,46.3,50,45.1,51,52.4,45,58.5,38,26.8,65,33.35,53,33,56,.,.,34,37
Nigeria,NGA,0,1,41.52861993,55,50.07506614,48,17.40740741,77,76.66666667,14,80,100,50,0,43,0,0,0,0,0,78,0,0,0,0,.,.,.,.,.,25,47,0,0,100,0,20,72,.,20,20,35,29,20,50,0,27,0,0,0,23,0,0,35,.,0,80.47619048,13,96.66666667,3,100,100,90,80,6,50,100,90,100,1,100,83.33333333,17,100,100,50,100,1,100,100,.,100,100,33.33333333,70,0,0,100,.,.,.,70,9,70,70,58.33333333,23,50,28,50,50,0,39,0,100,1,100,100,0,21,0,100,1,100,100,.,.,.,100,1,100,100,44.08333333,42,100,1,100,100,1,100,100,33.33333333,43,0,100,0,0,54,0,0,20,45,100,0,0,0,0,100,1,100,100,0,40,0,0,0,0,37.5,6,50,50,50,0,40,41,100,0,0,100,0,10,46,0,20,43.71555556,40,70,9,0,8,0,0,0,0,100,1,100,100,50,6,100,0,100,1,100,100,100,100,100,1,100,100,56.98,11,100,1,100,100,1,100,100,66.66666667,10,100,100,0,100,1,100,0,13,0,4.166666667,33,0,29,0,0,0,0,26,0,0,0,0,0,23,0,0,0,24,0,0,0,.,.,25,28,0,0,0,100,0,25,0,0,0,30.7952381,70,54.8,43,26.8,66,39,56,24.3,68,20.7,72,9.7,81,40.26666667,45,60,30,39,33,22,45
Norway,NOR,0,1,85.82337963,1,76.78125,1,49.33333333,24,93.33333333,1,100,100,80,87.5,9,100,100,50,100,87.5,12,100,100,100,50,100,1,100,100,100,25,47,0,0,0,100,100,1,100,100,100,0,77,0,0,0,27,.,0,0,23,0,0,35,0,0,86.45833333,5,93.33333333,6,100,100,80,80,6,50,100,90,100,1,100,100,1,100,100,100,66.66666667,66,50,.,100,50,.,66.66666667,42,100,0,100,100,1,100,85,1,70,100,91.66666667,1,100,1,100,100,100,1,100,100,1,100,100,100,1,100,100,1,100,100,.,.,.,50,24,100,0,79.66666667,4,100,1,100,100,1,100,100,66.66666667,10,100,100,0,100,1,100,.,100,1,100,100,100,100,100,100,1,100,100,25,24,0,0,0,100,25,16,50,50,0,0,80,8,100,100,0,100,100,100,1,100,100,83.63888889,2,77,6,95,1,100,100,80,100,40,31,80,0,50,6,100,0,100,1,100,100,100,100,100,1,100,100,.,.,.,.,.,.,.,.,.,.,.,.,.,.,.,.,.,.,.,.,90.27777778,5,67,11,100,100,0,75,10,100,100,100,0,100,1,100,100,100,1,100,100,100,100,100,100,1,100,100,100,100,100,1,100,100,100,97.05,1,98.7,1,98.7,1,95.1,4,98.7,1,98.7,1,97.5,2,91.95,5,99,1,85,8,.,.
Oman,OMN,0,1,50.41792328,39,31.69583333,79,21.83333333,70,76.66666667,14,80,100,50,0,43,0,0,0,0,25,67,0,0,0,100,0,61,0,0,0,0,67,0,0,0,0,66.66666667,28,0,100,100,50,13,100,0,0,27,0,0,0,23,0,0,35,0,0,35.41666667,84,80,29,50,100,90,66.66666667,43,50,100,50,0,53,0,56.66666667,65,50,100,20,50,74,100,100,0,50,0,0,84,0,0,0,0,44,0,30,46,30,.,37.5,65,25,63,50,0,0,39,0,50,41,100,0,0,21,0,100,1,100,100,.,.,.,50,24,100,0,32.03333333,58,0,55,0,0,58,0,0,33.33333333,43,0,100,0,20,49,20,.,36,43,100,80,0,0,0,0,55,0,0,75,4,100,100,100,0,0,51,0,0,0,0,56,32,100,100,0,80,0,100,1,100,100,43.47222222,41,40,33,0,8,0,0,0,0,0,37,0,.,0,29,0,.,100,1,100,100,100,100,100,1,100,100,.,.,.,.,.,.,.,.,.,.,.,.,.,.,.,.,.,.,.,.,46.94444444,16,100,1,100,100,100,25,18,0,0,100,0,50,6,0,100,40,16,0,0,0,100,100,66.66666667,19,100,.,0,100,0,25,0,0,0,76.08571429,12,37.8,57,76.8,20,86.5,11,86.5,11,86.5,11,90.2,8,68.3,24,71,24,.,.,66,20
Papua New Guinea,PNG,1,0,46.88070437,46,50.45639881,45,39.33333333,39,0,64,0,0,0,100,1,100,100,100,100,50,40,100,0,100,0,33.33333333,43,0,0,100,75,9,0,100,100,100,100,1,100,100,100,35,29,20,50,0,27,0,0,0,23,0,0,35,0,0,60.10416667,54,66.66666667,50,50,100,50,66.66666667,43,50,100,50,50,33,50,83.33333333,17,100,100,50,87.5,39,100,100,50,100,.,66.66666667,42,100,0,100,0,44,0,60,33,50,70,53.57142857,36,100,1,100,100,50,12,50,100,1,100,100,0,21,0,75,59,100,50,0,13,0,50,24,100,0,48.81666667,38,100,1,100,40,54,0,80,33.33333333,43,0,0,100,35,28,20,50,96,27,100,80,100,100,100,40,50,0,80,33.33333333,20,0,0,100,.,12.5,38,50,0,0,0,48,38,80,80,0,80,0,50,29,0,100,50,34,50,27,0,8,0,0,0,0,50,21,100,0,0,29,0,0,100,1,100,100,100,100,100,1,100,100,.,.,.,.,.,.,.,.,.,.,.,.,.,.,.,.,.,.,.,.,.,.,.,.,.,.,.,.,.,.,.,.,.,.,.,.,.,.,.,.,.,.,.,.,.,.,.,.,.,.,.,.,.,.,.,40.18571429,59,75.6,23,45.1,51,48.7,48,35.3,59,26.8,67,45.1,48,4.7,83,5,81,.,.,.,.
Peru,PER,1,0,62.1247619,16,68.13095238,6,58.5,12,70,36,80,80,50,80,14,20,100,100,100,0,78,0,.,0,.,0,61,0,.,0,75,9,100,0,100,100,100,1,100,100,100,35,29,20,50,50,3,100,0,100,1,100,75,9,100,50,63.75,47,93.33333333,6,100,100,80,80,6,50,100,90,50,33,50,83.33333333,17,100,100,50,100,1,100,100,.,100,.,33.33333333,70,100,0,0,0,44,0,70,9,70,70,82.14285714,6,100,1,100,100,100,1,100,100,1,100,100,100,1,100,100,1,100,100,0,13,0,75,21,100,50,.,.,.,.,.,.,.,.,.,.,.,.,.,.,.,.,.,.,.,.,.,.,.,.,.,.,.,.,.,.,.,.,.,.,.,.,.,.,.,.,.,.,.,.,.,.,.,.,.,.,.,.,56.61,21,70,9,0,8,0,0,0,0,100,1,100,100,50,6,0,100,100,1,100,100,100,100,100,1,100,100,31.08,26,0,25,0,100,1,100,100,100,1,100,100,100,0,24,0,0,13,0,68.75,10,67,11,100,0,100,100,1,100,100,100,100,50,6,0,100,100,1,100,100,100,.,100,62.5,23,100,100,50,0,33,15,100,0,0,61.63333333,31,80.4,18,58.5,39,85.3,12,57.3,41,56,40,54.8,39,39.13333333,46,53,38,63,20,2,51
Philippines,PHL,1,0,58.19944533,21,55.27347884,36,55.75,16,70,36,80,80,50,0,43,0,0,0,0,75,15,100,100,100,0,50,30,50,50,50,37.5,45,50,0,50,50,100,1,100,100,100,75,3,100,50,0,27,0,0,100,1,100,50,13,50,50,60,55,83.33333333,16,100,100,50,60,65,50,80,50,50,33,50,93.33333333,11,100,80,100,100,1,100,100,100,100,100,33.33333333,70,100,0,0,0,44,0,60,33,50,70,35.71428571,70,50,28,100,0,0,39,0,50,41,100,0,0,21,0,100,1,100,100,0,13,0,50,24,100,0,69.62962963,14,100,1,100,100,1,100,100,66.66666667,10,100,100,0,100,1,100,.,100,1,100,100,100,100,100,100,1,100,100,0,40,0,0,0,0,0,51,0,0,0,0,.,.,.,.,.,.,.,60,19,100,20,51.882,29,53,26,0,8,0,0,0,0,40,31,80,0,50,6,100,0,75,48,0,100,100,100,100,1,100,100,50.764,18,100,1,100,100,1,100,100,76.66666667,9,100,80,50,50,22,50,0,13,0,.,.,.,.,.,.,.,.,.,.,.,.,.,.,.,.,.,.,.,.,.,.,.,.,.,.,.,.,.,.,.,.,.,.,.,67.44285714,19,76.8,22,79.2,18,74.3,24,67,30,67,30,37.8,54,70,20,76,18,78,12,56,23
Qatar,QAT,0,1,42.78249559,53,32.68796296,77,15.18518519,81,70,36,80,80,50,0,43,0,0,0,0,0,78,0,0,0,0,0,61,0,0,0,0,67,0,0,0,0,66.66666667,28,0,100,100,0,77,0,0,.,.,.,.,0,23,0,0,35,0,0,35.83333333,83,76.66666667,30,100,80,50,60,65,50,80,50,0,53,0,60,63,50,80,50,60,68,100,100,0,100,0,0,84,0,0,0,0,44,0,30,46,30,.,25,78,25,63,50,0,0,39,0,50,41,100,0,0,21,0,50,63,100,0,0,13,0,50,24,100,0,54.73333333,32,100,1,100,80,29,80,80,33.33333333,43,0,100,0,35,28,20,50,96,27,100,80,100,100,100,80,33,80,80,0,40,0,0,0,0,25,16,0,50,0,50,48,38,80,80,0,80,0,50,29,100,0,19.08333333,83,34,58,0,8,0,0,0,0,0,37,0,.,0,29,0,.,70,63,80,0,100,100,100,1,100,100,.,.,.,.,.,.,.,.,.,.,.,.,.,.,.,.,.,.,.,.,4.166666667,33,0,29,0,0,0,0,26,0,0,0,0,25,17,0,50,0,24,0,0,0,0,.,0,31,0,0,0,0,0,25,0,0,0,76.57619048,11,39,56,90.2,8,87.8,10,91.4,7,90.2,8,95.1,4,42.33333333,42,35,48,44,30,47,29
Russia,RUS,0,1,44.6087963,50,46.6875,55,30.58333333,53,0,64,0,0,0,87.5,9,100,100,50,100,75,15,100,50,50,100,33.33333333,43,0,50,50,50,28,50,50,50,50,50,53,50,50,50,10,49,20,0,0,27,0,0,0,23,0,0,35,0,0,46.66666667,74,76.66666667,30,50,100,80,76.66666667,11,50,100,80,0,53,0,66.66666667,49,50,100,50,90,35,100,100,50,100,100,33.33333333,70,100,0,0,0,44,0,30,46,30,.,53.33333333,38,70,23,50,90,50,12,50,25,77,50,0,0,21,0,75,59,100,50,.,.,.,100,1,100,100,56.16666667,30,100,1,100,50,44,0,100,66.66666667,10,100,100,0,0,54,0,0,100,1,100,100,100,100,100,100,1,100,100,0,40,0,0,0,0,25,16,50,50,0,0,60,21,100,100,0,100,0,60,19,100,20,40.13888889,47,40,33,0,8,0,0,0,0,50,21,100,0,0,29,0,0,100,1,100,100,100,100,50,68,100,0,.,.,.,.,.,.,.,.,.,.,.,.,.,.,.,.,.,.,.,.,40.27777778,20,33,18,0,0,100,50,16,100,100,0,0,25,17,0,50,50,14,100,0,0,.,100,50,25,100,100,0,0,33,15,100,0,0,47,45,35.3,59,65.8,31,50,47,46.3,50,34.1,60,20.7,70,76.8,15,87,10,67,18,.,.
Saudi Arabia,SAU,0,1,35.74567901,69,23.17592593,86,17.03703704,78,86.66666667,6,80,100,80,0,43,0,0,0,0,0,78,0,0,0,0,.,.,.,.,.,0,67,0,0,0,0,66.66666667,28,0,100,100,0,77,0,0,0,27,0,0,0,23,0,0,35,.,0,44.58333333,77,76.66666667,30,50,100,80,76.66666667,11,50,100,80,0,53,0,56.66666667,65,50,100,20,50,74,100,0,0,100,.,66.66666667,42,100,0,100,0,44,0,30,46,30,.,4.166666667,89,25,63,50,0,0,39,0,0,82,0,.,0,21,0,0,83,0,0,0,13,0,.,.,.,.,26.91666667,63,0,55,0,0,58,0,0,66.66666667,10,0,100,100,0,54,0,.,20,45,100,0,0,0,0,100,1,100,100,0,40,0,0,0,0,12.5,38,50,0,0,0,60,21,100,100,0,100,0,10,46,0,20,24.02777778,79,30,62,0,8,0,0,0,0,0,37,0,.,0,29,0,.,100,1,100,100,100,100,50,68,100,0,.,.,.,.,.,.,.,.,.,.,.,.,.,.,.,.,.,.,.,.,18.05555556,29,0,29,0,0,0,0,26,0,0,0,0,0,23,0,0,25,18,0,0,100,0,.,16.66666667,30,0,.,50,0,67,10,100,100,0,60.03333333,33,7.3,84,80.4,17,78,20,84.1,13,82.9,14,52.4,41,35.13333333,50,27,60,46,29,32,40
Sierra Leone,SLE,1,0,45.61604938,49,62.31481481,18,44.44444444,33,65,56,80,.,50,50,32,50,100,50,0,33.33333333,65,100,0,0,.,.,.,.,.,.,50,28,0,0,100,100,66.66666667,28,0,100,100,35,29,20,50,0,27,.,0,0,23,0,100,1,.,100,84.16666667,7,60,75,50,80,50,60,65,50,80,50,100,1,100,83.33333333,17,100,100,50,100,1,100,100,.,100,.,100,1,100,100,100,100,1,100,70,9,70,70,58.33333333,23,50,28,50,50,0,39,0,100,1,100,100,0,21,0,100,1,100,100,.,.,.,100,1,100,100,.,.,.,.,.,.,.,.,.,.,.,.,.,.,.,.,.,.,.,.,.,.,.,.,.,.,.,.,.,.,.,.,.,.,.,.,.,.,.,.,.,.,.,.,.,.,.,.,.,.,.,.,35,55,35,52,0,8,0,0,0,0,0,37,0,.,0,29,0,.,75,48,0,100,100,100,100,1,100,100,.,.,.,.,.,.,.,.,.,.,.,.,.,.,.,.,.,.,.,.,.,.,.,.,.,.,.,.,.,.,.,.,.,.,.,.,.,.,.,.,.,.,.,.,.,.,.,.,.,.,.,.,.,.,.,39.53333333,61,59.7,39,15.8,76,35.3,59,34.1,60,39,56,73.1,23,19.73333333,67,45,44,13,47,2,51
South Africa,ZAF,1,0,56.54574515,23,49.87533069,49,28,61,70,36,80,80,50,0,43,0,0,0,0,50,40,100,.,.,0,100,1,100,.,.,50,28,100,0,0,100,0,80,0,0,0,10,49,20,0,0,27,0,0,0,23,0,0,35,0,0,61.25,50,66.66666667,50,50,100,50,60,65,50,80,50,0,53,0,66.66666667,49,50,100,50,100,1,100,100,.,100,.,66.66666667,42,100,0,100,100,1,100,30,46,30,.,45.71428571,52,50,28,50,50,20,23,20,100,1,100,100,0,21,0,100,1,100,100,0,13,0,50,24,100,0,64.53703704,22,.,.,.,50,44,100,0,66.66666667,10,0,100,100,35,28,20,50,100,1,100,100,100,100,100,50,45,100,0,75,4,100,0,100,100,37.5,6,50,50,0,50,66.66666667,19,100,100,0,.,.,100,1,100,100,40,48,40,33,0,8,0,0,0,0,0,37,0,.,0,29,0,.,100,1,100,100,100,100,100,1,100,100,.,.,.,.,.,.,.,.,.,.,.,.,.,.,.,.,.,.,.,.,.,.,.,.,.,.,.,.,.,.,.,.,.,.,.,.,.,.,.,.,.,.,.,.,.,.,.,.,.,.,.,.,.,.,.,79.76190476,8,91.4,7,84.1,13,80.4,18,81.7,16,81.7,15,67,28,72.03333333,18,86,12,59,22,71,15
South Sudan,SSD,0,1,31.69714286,76,42.41071429,62,33.33333333,50,70,36,80,80,50,0,43,0,0,0,0,50,40,100,0,0,100,0,61,0,0,0,50,28,0,100,100,0,13.33333333,75,0,20,20,50,13,0,100,0,27,0,0,100,1,100,0,35,0,0,50.83333333,68,40,82,50,20,50,40,77,50,20,50,100,1,100,56.66666667,65,50,100,20,40,83,100,0,0,100,0,100,1,100,100,100,0,44,0,30,46,30,.,57.14285714,27,100,1,100,100,0,39,0,100,1,100,100,0,21,0,100,1,100,100,0,13,0,100,1,100,100,28.33333333,62,100,1,100,0,58,0,0,66.66666667,10,100,100,0,.,.,.,.,0,55,0,0,0,0,0,0,55,0,0,50,12,0,0,100,100,.,.,.,.,.,.,0,60,0,0,0,0,0,10,46,0,20,47.195,35,40,33,0,8,0,0,0,0,0,37,0,.,0,29,0,.,100,1,100,100,100,100,100,1,100,100,54.39,14,100,1,100,100,1,100,100,50,18,50,100,0,100,1,100,0,13,0,.,.,.,.,.,.,.,.,.,.,.,.,.,.,.,.,.,.,.,.,.,.,.,.,.,.,.,.,.,.,.,.,.,.,.,5.485714286,89,13.4,79,1.2,89,6,85,2.4,88,2.4,88,3.6,87,9.4,79,9,75,.,.,.,.
Sudan,SDN,0,1,20.96768519,86,26.40178571,85,14.75,82,0,64,0,0,0,0,43,0,0,0,0,37.5,62,100,50,0,0,33.33333333,43,0,100,0,0,67,0,0,0,0,66.66666667,28,0,100,100,10,49,20,0,0,27,0,0,0,23,0,0,35,0,0,50.41666667,70,96.66666667,3,100,100,90,0,79,0,0,0,0,53,0,56.66666667,65,50,100,20,20,88,100,0,0,0,0,100,1,100,.,100,100,1,100,30,46,30,.,27.85714286,77,25,63,50,0,20,23,20,50,41,100,0,0,21,0,0,83,0,0,0,13,0,100,1,100,100,12.58333333,69,0,55,0,0,58,0,0,33.33333333,43,0,100,0,0,54,.,0,20,45,100,0,0,0,0,0,55,0,0,0,40,0,0,0,0,12.5,38,0,50,0,0,60,21,100,100,0,100,0,0,63,0,0,25.91555556,74,40,33,0,8,0,0,0,0,0,37,0,.,0,29,0,.,100,1,100,100,100,100,100,1,100,100,31.08,26,0,25,0,100,1,100,100,0,25,0,0,0,100,1,100,0,13,0,6.666666667,32,33,18,0,100,0,0,26,.,.,0,0,0,23,0,0,.,.,.,.,.,.,.,0,31,0,0,0,0,0,25,.,0,0,10.58571429,86,6,85,7.3,83,9.7,82,15.8,75,4.8,86,8.5,82,22,64,.,.,.,.,22,45
Tanzania,TZA,1,0,49.08521825,42,54.03422619,38,50.33333333,22,76.66666667,14,100,80,50,100,1,100,100,100,100,50,40,100,0,0,100,50,30,100,.,0,25,47,0,0,0,100,66.66666667,28,0,100,100,35,29,20,50,0,27,0,0,100,1,100,0,35,0,0,86.875,4,83.33333333,16,100,100,50,93.33333333,1,100,100,80,100,1,100,73.33333333,46,100,100,20,75,54,100,100,0,100,.,100,1,100,100,100,100,1,100,70,9,70,70,46.42857143,49,25,63,50,0,0,39,0,100,1,100,100,0,21,0,100,1,100,100,0,13,0,100,1,100,100,32.5,57,.,.,.,80,29,80,80,100,1,100,100,100,0,54,0,0,.,.,.,.,.,.,.,0,55,0,0,0,40,0,0,.,.,0,51,0,0,.,.,70,18,100,100,.,80,0,10,46,0,20,40,48,40,33,0,8,0,0,0,0,50,21,100,0,0,29,.,0,50,65,0,100,100,0,100,1,100,100,.,.,.,.,.,.,.,.,.,.,.,.,.,.,.,.,.,.,.,.,.,.,.,.,.,.,.,.,.,.,.,.,.,.,.,.,.,.,.,.,.,.,.,.,.,.,.,.,.,.,.,.,.,.,.,53.22142857,40,67,32,47.5,48,60.9,36,62.1,35,43.9,50,56,37,35.15,48,35,48,35,34,.,.
Tanzania,TZA,0,1,52.65030864,36,64.72949735,12,48.14814815,27,76.66666667,14,80,100,50,55,31,20,100,100,0,50,40,100,0,0,100,.,.,.,.,.,50,28,0,0,100,100,66.66666667,28,0,100,100,35,29,20,50,0,27,0,0,100,1,100,0,35,.,0,92.38095238,1,83.33333333,16,100,100,50,.,.,.,.,.,100,1,100,93.33333333,11,100,80,100,100,1,100,100,100,100,100,100,1,100,100,100,100,1,100,70,9,70,70,54.16666667,35,25,63,50,0,0,39,0,100,1,100,100,0,21,0,100,1,100,100,.,.,.,100,1,100,100,64.22222222,23,100,1,100,80,29,80,80,100,1,100,100,100,25,37,0,50,96,27,100,80,100,100,100,.,.,.,.,50,12,0,0,100,100,25,16,0,50,0,50,52,37,80,80,0,100,0,50,29,0,100,40,48,40,33,0,8,0,0,0,0,50,21,100,0,0,29,.,0,50,65,0,100,100,0,100,1,100,100,.,.,.,.,.,.,.,.,.,.,.,.,.,.,.,.,.,.,.,.,.,.,.,.,.,.,.,.,.,.,.,.,.,.,.,.,.,.,.,.,.,.,.,.,.,.,.,.,.,.,.,.,.,.,.,53.22142857,40,67,32,47.5,48,60.9,36,62.1,35,43.9,50,56,37,35.15,48,35,48,35,34,.,.
Timor-Leste,TLS,0,1,49.05357143,43,48.99404762,50,52.16666667,19,56.66666667,59,100,20,50,100,1,100,100,100,100,25,67,100,0,0,0,6.666666667,59,0,20,0,75,9,0,100,100,100,73.33333333,27,20,100,100,50,13,100,0,0,27,0,0,100,1,100,35,22,20,50,65,42,83.33333333,16,100,100,50,60,65,50,80,50,100,1,100,83.33333333,17,100,100,50,90,35,100,50,100,100,100,33.33333333,70,100,0,0,0,44,0,70,9,70,70,28.57142857,75,50,28,50,50,0,39,0,100,1,100,100,0,21,0,50,63,100,0,0,13,0,0,80,0,0,50.23809524,36,0,55,0,.,.,.,.,66.66666667,10,100,0,100,50,17,0,100,80,36,0,100,100,100,100,.,.,.,.,25,24,0,100,0,0,.,.,.,.,.,.,80,8,100,100,100,100,0,50,29,0,100,56.66666667,20,25,78,0,8,0,0,0,0,0,37,0,.,.,.,.,.,100,1,100,100,100,100,0,79,0,0,.,.,.,.,.,.,.,.,.,.,.,.,.,.,.,.,.,.,.,.,88.33333333,6,100,1,100,100,100,80,8,100,100,20,100,50,6,100,0,100,1,100,100,100,100,100,100,1,100,100,100,100,100,1,100,100,.,41.5,55,79.2,19,21.9,70,26.8,66,17,74,46.3,48,64.6,30,34.7,51,31,58,.,.,39,34
Trinidad and Tobago,TTO,0,1,63.99606481,14,63.66517857,16,53,18,70,36,80,80,50,0,43,0,0,0,0,100,1,100,100,100,100,100,1,100,100,100,100,1,100,100,100,100,100,1,100,100,100,10,49,20,0,50,3,100,0,0,23,0,0,35,0,0,77.29166667,18,93.33333333,6,100,100,80,76.66666667,11,50,100,80,50,33,50,73.33333333,46,100,100,20,40,83,100,0,0,100,0,100,1,100,100,100,100,1,100,85,1,70,100,49.28571429,47,50,28,50,50,100,1,100,25,77,50,0,50,19,50,50,63,0,100,20,11,20,50,24,100,0,75.08333333,9,100,1,100,100,1,100,100,83.33333333,9,50,100,100,100,1,100,.,100,1,100,100,100,100,100,100,1,100,100,12.5,38,0,0,0,50,25,16,50,50,0,0,80,8,100,100,100,100,0,50,29,0,100,56.94444444,19,40,33,0,8,0,0,0,0,0,37,0,.,0,29,0,.,100,1,100,100,100,100,100,1,100,100,.,.,.,.,.,.,.,.,.,.,.,.,.,.,.,.,.,.,.,.,73.88888889,8,100,1,100,100,100,80,8,100,100,100,20,50,6,50,50,80,10,100,100,100,100,0,100,1,100,100,100,100,33,15,80,0,20,71.37857143,15,89,10,82.9,14,79.2,19,75.6,22,60.9,36,82.9,14,29.15,56,6,80,.,.,53,27
Tunisia,TUN,1,0,45.72053571,48,40.38541667,67,42.83333333,35,76.66666667,14,80,100,50,75,17,50,100,50,100,25,67,0,0,0,100,0,61,0,0,0,75,9,0,100,100,100,66.66666667,28,0,100,100,10,49,20,0,0,27,0,0,0,23,0,100,1,100,100,58.54166667,59,83.33333333,16,50,100,100,80,6,50,100,90,0,53,0,0,79,0,0,0,75,54,100,100,0,100,.,100,1,100,100,100,100,1,100,30,46,30,.,25,78,25,63,50,0,0,39,0,0,82,0,.,0,21,0,100,1,.,100,0,13,0,50,24,100,0,35.16666667,55,100,1,100,0,58,0,0,66.66666667,10,100,100,0,0,54,0,0,20,45,100,0,0,0,0,80,33,80,80,50,12,100,100,0,0,25,16,50,50,0,0,0,60,0,0,0,0,0,10,46,0,20,30,65,30,62,0,8,0,0,0,0,0,37,0,.,0,29,0,.,50,65,0,100,100,0,100,1,100,100,.,.,.,.,.,.,.,.,.,.,.,.,.,.,.,.,.,.,.,.,.,.,.,.,.,.,.,.,.,.,.,.,.,.,.,.,.,.,.,.,.,.,.,.,.,.,.,.,.,.,.,.,.,.,.,66.77619048,23,81.7,16,67,29,58.5,39,79.2,18,80.4,16,34.1,57,66.53333333,25,80,16,72,14,47,29
Tunisia,TUN,0,1,55.6625,26,60.21130952,24,47.83333333,28,76.66666667,14,80,100,50,100,1,100,100,100,100,50,40,50,50,0,100,0,61,0,0,0,75,9,0,100,100,100,66.66666667,28,0,100,100,10,49,20,0,0,27,0,0,0,23,0,100,1,.,100,80.41666667,14,100,1,100,100,100,76.66666667,11,50,100,80,100,1,100,56.66666667,65,50,100,20,80,44,100,100,0,100,100,100,1,100,100,100,100,1,100,30,46,30,.,46.42857143,49,25,63,50,0,0,39,0,50,41,100,0,0,21,0,100,1,100,100,100,1,100,50,24,100,0,66.16666667,17,100,1,100,50,44,0,100,66.66666667,10,100,100,0,50,17,0,100,100,1,100,100,100,100,100,100,1,100,100,75,4,100,100,100,0,0,51,.,.,0,0,60,21,100,100,0,100,0,60,19,100,20,40,48,40,33,0,8,0,0,0,0,0,37,0,.,0,29,0,.,100,1,100,100,100,100,100,1,100,100,.,.,.,.,.,.,.,.,.,.,.,.,.,.,.,.,.,.,.,.,.,.,.,.,.,.,.,.,.,.,.,.,.,.,.,.,.,.,.,.,.,.,.,.,.,.,.,.,.,.,.,.,.,.,.,66.77619048,23,81.7,16,67,29,58.5,39,79.2,18,80.4,16,34.1,57,66.53333333,25,80,16,72,14,47,29
Turkmenistan,TKM,0,1,10.59332011,88,11.1656746,89,3.888888889,89,0,64,0,0,0,0,43,0,0,0,0,25,67,100,0,0,0,0,61,.,0,0,0,67,0,0,0,0,.,.,.,.,.,10,49,20,0,0,27,0,.,0,23,0,0,35,0,0,12.91666667,89,0,83,0,0,0,0,79,0,0,0,0,53,0,0,79,0,0,0,40,83,100,0,0,100,0,33.33333333,70,100,0,0,0,44,0,30,46,30,.,17.85714286,85,25,63,50,0,0,39,0,50,41,100,0,0,21,0,50,63,0,100,0,13,0,0,80,0,0,10,72,0,55,0,0,58,0,0,0,64,0,0,0,100,1,100,.,0,55,0,0,0,0,0,0,55,0,0,0,40,0,0,0,0,0,51,0,0,0,0,0,60,0,0,0,.,.,0,63,0,0,0,89,0,89,0,8,0,0,0,0,0,37,0,.,0,29,0,.,0,88,0,0,0,0,0,79,0,0,.,.,.,.,.,.,.,.,.,.,.,.,.,.,.,.,.,.,.,.,.,.,.,.,.,.,.,.,.,.,.,.,.,.,.,.,.,.,.,.,.,.,.,.,.,.,.,.,.,.,.,.,.,.,.,20.61428571,74,1.2,89,30.4,63,3.6,87,10.9,80,15.8,77,69.5,26,12.9,76,13,72,.,.,.,.
Uganda,UGA,0,1,43.68280423,51,42.22619048,63,34.5,49,70,36,80,80,50,0,43,0,0,0,0,50,40,100,0,0,100,0,61,0,0,0,25,47,100,0,0,0,100,1,100,100,100,50,13,100,0,50,3,100,0,0,23,0,0,35,0,0,71.9047619,29,60,75,50,80,50,.,.,.,.,.,100,1,100,73.33333333,46,100,100,20,40,83,100,0,0,100,0,100,1,100,100,100,100,1,100,30,46,30,.,50,41,50,28,50,50,0,39,0,100,1,100,100,0,21,0,100,1,100,100,.,.,.,50,24,100,0,12.5,70,0,55,0,.,.,.,.,0,64,0,0,0,.,.,.,.,.,.,.,.,.,.,.,.,.,.,.,0,40,0,0,0,0,.,.,.,.,.,.,.,.,.,.,.,.,.,50,29,0,100,42.05555556,45,48,29,0,8,0,0,0,0,40,31,80,0,0,29,.,0,100,1,100,100,100,100,100,1,100,100,.,.,.,.,.,.,.,.,.,.,.,.,.,.,.,.,.,.,.,.,36.11111111,21,33,18,0,0,100,0,26,0,0,0,0,50,6,0,100,0,24,0,0,0,.,.,100,1,100,.,100,100,33,15,0,0,100,46.76666667,46,50,47,54.8,42,67,31,68.2,29,23.1,70,35.3,56,28.96666667,57,58,35,28,39,2,51
Ukraine,UKR,0,1,48.67777778,44,61.16666667,22,67,2,70,36,80,80,50,100,1,100,100,100,100,75,15,100,100,100,0,50,30,50,50,50,100,1,100,100,100,100,100,1,100,100,100,100,1,100,100,75,2,100,50,0,23,0,0,35,0,0,59.58333333,56,66.66666667,50,50,100,50,66.66666667,43,50,100,50,100,1,100,83.33333333,17,100,100,50,100,1,100,.,.,.,100,0,84,0,0,0,0,44,0,60,33,50,70,42.5,59,0,88,0,0,20,23,20,.,.,.,.,.,.,.,100,1,.,100,.,.,.,50,24,100,0,75.58333333,7,100,1,100,100,1,100,100,66.66666667,10,100,100,0,25,37,0,50,100,1,100,100,100,100,100,80,33,80,80,66.66666667,10,100,100,.,0,37.5,6,50,50,0,50,80,8,100,100,100,100,0,100,1,100,100,40,48,40,33,0,8,0,0,0,0,0,37,0,.,0,29,0,.,100,1,100,100,100,100,100,1,100,100,.,.,.,.,.,.,.,.,.,.,.,.,.,.,.,.,.,.,.,.,.,.,.,.,.,.,.,.,.,.,.,.,.,.,.,.,.,.,.,.,.,.,.,.,.,.,.,.,.,.,.,.,.,.,.,44.86666667,50,74.3,24,51.2,45,46.3,50,42.6,53,28,66,10.9,80,60.76666667,28,71,24,41,32,71,15
United Arab Emirates,ARE,0,1,41.79080688,54,31.89702381,78,19.66666667,73,80,11,80,80,80,0,43,0,0,0,0,25,67,0,0,0,100,16.66666667,54,50,0,0,25,47,0,0,0,100,50,53,50,50,50,0,77,0,0,0,27,.,0,0,23,0,0,35,0,0,52.5,67,70,48,50,80,80,70,41,50,80,80,0,53,0,66.66666667,49,50,100,50,83.33333333,42,100,50,100,.,.,50,66,.,0,100,50,34,50,30,46,30,.,28.57142857,75,50,28,50,50,0,39,0,50,41,100,0,0,21,0,50,63,100,0,0,13,0,50,24,100,0,26.85,64,0,55,0,0,58,0,0,50,39,0,50,100,0,54,0,0,20,45,100,0,0,0,0,90,27,100,80,0,40,0,0,0,0,12.5,38,50,0,0,0,36,48,80,0,0,100,0,60,19,100,20,15.69444444,86,10,85,0,8,0,0,0,0,0,37,0,.,0,29,0,.,50,65,0,100,100,0,0,79,0,0,.,.,.,.,.,.,.,.,.,.,.,.,.,.,.,.,.,.,.,.,21.38888889,27,33,18,0,100,0,0,26,0,0,0,0,25,17,0,50,20,23,0,0,0,0,100,50,25,100,.,50,0,0,25,0,0,0,77.78095238,9,36.5,58,93.9,5,91.4,7,90.2,8,91.4,7,92.6,6,48.46666667,35,51,41,61,21,34,37
United Kingdom,GBR,0,1,77.47380952,3,69.89285714,4,61.16666667,10,70,36,80,80,50,75,17,50,100,50,100,100,1,100,100,100,.,100,1,100,100,100,50,28,0,100,100,0,66.66666667,28,0,100,100,50,13,0,100,50,3,.,50,0,23,0,50,13,50,50,92.08333333,2,96.66666667,3,100,100,90,80,6,50,100,90,100,1,100,100,1,100,100,100,100,1,100,.,.,100,.,100,1,100,100,100,100,1,100,60,33,50,70,56.42857143,32,100,1,100,100,20,23,20,100,1,100,100,0,21,0,75,59,50,100,100,1,100,0,80,0,0,.,.,.,.,.,.,.,.,.,.,.,.,.,.,.,.,.,.,.,.,.,.,.,.,.,.,.,.,.,.,.,.,.,.,.,.,.,.,.,.,.,.,.,.,.,.,.,.,.,.,.,.,68,10,68,16,0,8,0,0,0,0,90,20,80,100,100,1,100,100,100,1,100,100,100,100,50,68,100,0,.,.,.,.,.,.,.,.,.,.,.,.,.,.,.,.,.,.,.,.,.,.,.,.,.,.,.,.,.,.,.,.,.,.,.,.,.,.,.,.,.,.,.,.,.,.,.,.,.,.,.,.,.,.,.,94.52857143,4,95.1,4,96.3,3,98.7,1,95.1,4,96.3,3,86.5,11,93.7,3,85,13,98,1,98,1
United States of America (Gulf of Mexico),GOM,0,1,74.40671958,5,66.44444444,8,65.58333333,3,93.33333333,1,100,80,100,62.5,28,50,100,100,0,100,1,100,100,100,.,100,1,100,100,100,0,67,0,0,0,0,100,1,100,100,100,50,13,100,0,50,3,100,0,0,23,0,100,1,100,100,83.75,9,100,1,100,100,100,76.66666667,11,50,100,80,100,1,100,66.66666667,49,50,100,50,100,1,100,100,.,100,.,66.66666667,42,100,0,100,100,1,100,60,33,50,70,50,41,50,28,50,50,50,12,50,0,82,0,.,.,.,.,100,1,.,100,100,1,100,0,80,0,0,.,.,.,.,.,.,.,.,.,.,.,.,.,.,.,.,.,.,.,.,.,.,.,.,.,.,.,.,.,.,.,.,.,.,.,.,.,.,.,.,.,.,.,.,.,.,.,.,.,.,.,.,63.49,13,70,9,0,8,0,0,0,0,100,1,100,100,50,6,0,100,100,1,100,100,100,100,100,1,100,100,56.98,11,0,25,0,100,1,100,100,66.66666667,10,100,100,0,100,1,100,100,1,100,.,.,.,.,.,.,.,.,.,.,.,.,.,.,.,.,.,.,.,.,.,.,.,.,.,.,.,.,.,.,.,.,.,.,.,93.28571429,5,93.9,5,92.6,6,92.6,6,93.9,5,93.9,5,91.4,7,94.7,2,96,2,96,2,92,5
Uzbekistan,UZB,0,1,29.2109127,80,40.35416667,69,23.16666667,69,0,64,0,0,0,66.66666667,27,50,50,100,.,100,1,.,100,100,100,33.33333333,43,0,0,100,25,47,0,0,0,100,6.666666667,78,0,20,0,0,77,0,0,0,27,.,0,0,23,0,0,35,0,0,22.08333333,85,0,83,0,0,0,0,79,0,0,0,0,53,0,0,79,0,0,0,80,44,100,100,100,100,0,66.66666667,42,100,100,0,0,44,0,30,46,30,.,75,9,100,1,100,100,100,1,100,50,41,100,0,0,21,0,100,1,100,100,.,.,.,100,1,100,100,41.16666667,43,100,1,100,0,58,0,0,66.66666667,10,100,100,0,25,37,0,50,100,1,100,100,100,100,100,0,55,0,0,50,12,100,100,0,0,0,51,0,0,0,0,60,21,100,100,0,100,0,10,46,0,20,25,76,25,78,0,8,0,0,0,0,0,37,0,.,0,29,0,.,25,82,0,0,100,0,100,1,100,100,.,.,.,.,.,.,.,.,.,.,.,.,.,.,.,.,.,.,.,.,.,.,.,.,.,.,.,.,.,.,.,.,.,.,.,.,.,.,.,.,.,.,.,.,.,.,.,.,.,.,.,.,.,.,.,22.27857143,73,4.8,86,40.2,55,7.3,84,23.1,69,19.5,73,58.5,35,2.55,84,4,82,.,.,2,51
Venezuela,VEN,0,1,33.20084215,74,48.35416667,53,17.83333333,74,83.33333333,8,100,100,50,0,43,0,0,0,0,50,40,100,100,0,0,0,61,0,.,0,0,67,0,0,0,0,0,80,0,0,0,10,49,20,0,0,27,0,0,0,23,0,35,22,20,50,55,63,83.33333333,16,100,100,50,76.66666667,11,50,100,80,0,53,0,66.66666667,49,50,100,50,100,1,100,100,100,100,100,83.33333333,37,50,100,100,0,44,0,30,46,30,.,62.5,19,50,28,50,50,.,.,.,100,1,100,100,.,.,.,50,63,0,100,.,.,.,50,24,100,0,58.08333333,27,100,1,100,100,1,100,100,33.33333333,43,0,100,0,25,37,0,50,100,1,100,100,100,100,100,100,1,100,100,0,40,0,0,0,0,12.5,38,50,0,0,0,60,21,100,100,0,100,0,50,29,0,100,34.43407407,61,50,27,0,8,0,0,0,0,50,21,100,0,0,29,0,0,100,1,100,100,100,100,100,1,100,100,31.08,26,100,1,100,100,1,100,100,0,25,0,0,0,0,24,0,0,13,0,22.22222222,26,33,18,0,0,100,25,18,0,0,0,100,0,23,0,0,0,24,0,0,0,0,.,75,15,100,100,0,100,0,25,0,0,0,16.81428571,80,31.7,62,18.2,73,4.8,86,1.2,89,12.1,80,23.1,68,26.6,60,33,56,20,43,.,.
Vietnam,VNM,0,1,48.48121693,45,56.72222222,34,37.16666667,42,76.66666667,14,80,100,50,0,43,0,0,0,0,75,15,100,100,100,0,0,61,0,0,0,25,47,0,0,100,0,20,72,.,20,.,50,13,100,0,100,1,100,.,0,23,0,25,34,0,50,38.33333333,81,66.66666667,50,50,100,50,66.66666667,43,50,100,50,0,53,0,50,77,50,80,20,60,68,100,100,0,100,0,33.33333333,70,100,0,0,0,44,0,30,46,30,.,87.5,4,50,28,50,50,.,.,.,100,1,100,100,.,.,.,100,1,100,100,.,.,.,100,1,100,100,63.88888889,24,100,1,100,50,44,0,100,66.66666667,10,100,100,0,25,37,0,50,100,1,100,100,100,100,100,50,45,100,0,33.33333333,20,0,100,0,.,.,.,.,.,.,.,100,1,100,100,100,100,100,50,29,0,100,30,65,30,62,0,8,0,0,0,0,0,37,0,.,0,29,0,.,100,1,100,100,100,100,50,68,100,0,.,.,.,.,.,.,.,.,.,.,.,.,.,.,.,.,.,.,.,.,.,.,.,.,.,.,.,.,.,.,.,.,.,.,.,.,.,.,.,.,.,.,.,.,.,.,.,.,.,.,.,.,.,.,.,58.72142857,35,19.5,74,75.6,21,52.4,45,71.9,25,64.6,32,76.8,20,50.25,33,51,41,50,27,.,.
Yemen,YEM,0,1,29.6859127,78,50.25297619,46,28.0952381,60,.,.,.,.,.,.,.,.,.,.,.,100,1,100,100,.,100,20,51,.,20,.,66.66666667,25,.,100,100,0,.,.,.,.,.,10,49,20,0,0,27,0,.,0,23,0,0,35,0,0,76.66666667,20,86.66666667,15,100,80,80,76.66666667,11,100,80,50,.,.,.,56.66666667,65,100,20,50,100,1,100,.,.,100,.,100,1,100,100,100,.,.,.,40,45,40,40,56.25,33,25,63,50,0,.,.,.,50,41,100,0,.,.,.,100,1,100,.,.,.,.,50,24,100,0,40,47,100,1,100,0,58,0,0,50,39,.,100,0,0,54,0,0,.,.,.,.,.,.,.,0,55,0,0,75,4,100,100,100,0,75,1,50,50,100,100,60,21,80,80,.,20,.,0,63,0,0,27.5,73,27.5,77,.,.,.,.,.,.,0,37,0,.,0,29,0,.,20,87,80,0,0,0,90,60,80,100,.,.,.,.,.,.,.,.,.,.,.,.,.,.,.,.,.,.,.,.,.,.,.,.,.,.,.,.,.,.,.,.,.,.,.,.,.,.,.,.,.,.,.,.,.,.,.,.,.,.,.,.,.,.,.,11.3047619,85,15.8,77,3.6,87,23.1,69,13.4,78,6,85,1.2,89,16.03333333,74,45,44,2,53,2,51
Zambia,ZMB,1,0,50.3774526,40,57.67997685,32,46.66666667,29,0,64,0,0,0,100,1,100,100,100,100,75,15,100,0,100,100,100,1,100,100,100,66.66666667,25,.,0,100,100,100,1,.,100,100,25,46,0,50,0,27,0,0,0,23,0,0,35,0,0,65.3125,41,83.33333333,16,100,100,50,66.66666667,43,50,100,50,50,33,50,83.33333333,17,100,100,50,87.5,39,50,100,100,100,.,66.66666667,42,100,0,100,0,44,0,85,1,70,100,50,41,50,28,50,50,50,12,50,100,1,100,100,100,1,100,50,63,100,0,0,13,0,0,80,0,0,68.74074074,15,100,1,100,100,1,100,100,66.66666667,10,100,100,0,0,54,0,0,96,27,100,80,100,100,100,100,1,100,100,.,.,.,.,.,.,50,3,50,.,.,.,56,32,100,100,0,80,0,50,29,0,100,35,55,35,52,0,8,0,0,0,0,0,37,0,.,0,29,0,.,75,48,100,100,0,100,100,1,100,100,.,.,.,.,.,.,.,.,.,.,.,.,.,.,.,.,.,.,.,.,.,.,.,.,.,.,.,.,.,.,.,.,.,.,.,.,.,.,.,.,.,.,.,.,.,.,.,.,.,.,.,.,.,.,.,58.45238095,36,70.7,28,50,46,57.3,41,73.1,24,70.7,27,80.4,16,6.966666667,82,8,78,11,48,2,51
Zimbabwe,ZWE,1,0,29.01081349,81,37.22767857,73,14.5,83,0,64,0,0,0,0,43,0,0,0,0,33.33333333,65,100,.,0,0,60,27,100,.,20,25,47,0,0,0,100,6.666666667,78,0,20,0,0,77,0,0,20,14,20,20,0,23,0,0,35,0,0,50.625,69,66.66666667,50,50,100,50,66.66666667,43,50,100,50,0,53,0,0,79,0,0,0,75,54,100,100,0,100,.,66.66666667,42,100,0,100,100,1,100,30,46,30,.,39.28571429,64,25,63,50,0,0,39,0,50,41,100,0,0,21,0,100,1,100,100,0,13,0,100,1,100,100,44.5,41,0,55,0,40,54,0,80,66.66666667,10,100,100,0,35,28,20,50,76,40,0,80,100,100,100,80,33,80,80,0,40,0,0,0,0,33.33333333,15,50,50,0,.,64,20,80,80,80,80,0,50,29,0,100,30,65,30,62,0,8,0,0,0,0,0,37,0,.,0,29,0,.,50,65,0,100,100,0,100,1,100,100,.,.,.,.,.,.,.,.,.,.,.,.,.,.,.,.,.,.,.,.,.,.,.,.,.,.,.,.,.,.,.,.,.,.,.,.,.,.,.,.,.,.,.,.,.,.,.,.,.,.,.,.,.,.,.,19.8047619,75,26.8,66,19.5,72,8.5,83,12.1,79,14.6,78,48.7,44,8.433333333,80,20,66,4,52,2,51